feature_1,feature_2,abs_corr,keep_feature,drop_feature,decision_reason,feature_1_missing_ratio,feature_2_missing_ratio,feature_1_variance,feature_2_variance,feature_1_mi,feature_2_mi,feature_1_domain_priority,feature_2_domain_priority,feature_1_is_mandatory_protected,feature_2_is_mandatory_protected
BS_Tangible_Book_Value,BS_Net_Tangible_Assets,1.0,BS_Tangible_Book_Value,BS_Net_Tangible_Assets,lower_mutual_information,0.38830584707646176,0.38830584707646176,3.623074690149226e+26,3.623074690149226e+26,0.11925505645019441,0.11611365525751616,0.0,0.0,False,False
BS_Common_Stock_Equity,BS_Stockholders_Equity,1.0,BS_Stockholders_Equity,BS_Common_Stock_Equity,lower_mutual_information,0.38830584707646176,0.38830584707646176,3.824911316237716e+26,3.824911316237716e+26,0.12681260683820428,0.15532687067089812,0.0,0.0,False,False
BS_Capital_Stock,BS_Common_Stock,1.0,BS_Common_Stock,BS_Capital_Stock,lower_mutual_information,0.38830584707646176,0.38830584707646176,4.1540560123220424e+24,4.1540560123220424e+24,0.10479655055509718,0.11828445547868438,0.0,0.0,False,False
IS_Reconciled_Depreciation,IS_Depreciation_And_Amortization_In_Income_Statement,1.0,IS_Reconciled_Depreciation,IS_Depreciation_And_Amortization_In_Income_Statement,lower_mutual_information,0.42278860569715143,0.42278860569715143,3.151706622704126e+23,3.151706622704126e+23,0.13758686030834522,0.13382916513417342,0.0,0.0,False,False
IS_Diluted_NI_Availto_Com_Stockholders,IS_Net_Income_Common_Stockholders,1.0,IS_Net_Income_Common_Stockholders,IS_Diluted_NI_Availto_Com_Stockholders,lower_mutual_information,0.38830584707646176,0.38830584707646176,1.2738067122879284e+25,1.2738067122879284e+25,0.1830507471683822,0.18831656118493512,0.0,0.0,False,False
CF_Repurchase_Of_Capital_Stock,CF_Common_Stock_Payments,1.0,CF_Repurchase_Of_Capital_Stock,CF_Common_Stock_Payments,lower_mutual_information,0.0,0.0,3.6477889101808687e+22,3.6477889101808687e+22,0.07735064008057235,0.06681747096046142,0.0,0.0,False,False
IS_Total_Revenue,IS_Operating_Revenue,1.0,IS_Operating_Revenue,IS_Total_Revenue,lower_mutual_information,0.38830584707646176,0.38830584707646176,3.2789711498936615e+26,3.2789711498936615e+26,0.10560728486456505,0.11048386693637902,0.0,0.0,False,False
IS_Reconciled_Cost_Of_Revenue,IS_Cost_Of_Revenue,1.0,IS_Cost_Of_Revenue,IS_Reconciled_Cost_Of_Revenue,lower_mutual_information,0.4617691154422789,0.4617691154422789,1.7114151835224015e+26,1.7114151835224015e+26,0.07036338322869895,0.07065264814294725,0.0,0.0,False,False
CF_Issuance_Of_Capital_Stock,CF_Common_Stock_Issuance,1.0,CF_Issuance_Of_Capital_Stock,CF_Common_Stock_Issuance,lower_mutual_information,0.0,0.0,3.7488205013814945e+23,3.7488205013814945e+23,0.09688377547475757,0.09642980311975013,0.0,0.0,False,False
IS_Net_Income_From_Continuing_And_Discontinued_Operation,IS_Net_Income,0.9999999999996941,IS_Net_Income,IS_Net_Income_From_Continuing_And_Discontinued_Operation,feature_2_mandatory_protected,0.38830584707646176,0.38830584707646176,1.2738049482366178e+25,1.2738049599289707e+25,0.20076158469016647,0.1978402504558261,0.0,0.0,False,True
IS_Net_Income_Common_Stockholders,IS_Net_Income,0.9999999992054416,IS_Net_Income,IS_Net_Income_Common_Stockholders,feature_2_mandatory_protected,0.38830584707646176,0.38830584707646176,1.2738067122879284e+25,1.2738049599289707e+25,0.18831656118493512,0.1978402504558261,0.0,0.0,False,True
lastFiscalYearEnd,nextFiscalYearEnd,0.9999991702270372,lastFiscalYearEnd,nextFiscalYearEnd,lower_variance,0.06446776611694154,0.06446776611694154,87015322826111.25,86867758664425.64,0.0,0.019217809750940562,0.0,0.0,False,False
IS_Net_Income_Including_Noncontrolling_Interests,IS_Net_Income_Continuous_Operations,0.9999990145322675,IS_Net_Income_Continuous_Operations,IS_Net_Income_Including_Noncontrolling_Interests,lower_variance,0.38830584707646176,0.38830584707646176,1.50939325310341e+25,1.5094196076122908e+25,0.20367942555031626,0.1953544062551409,0.0,0.0,False,False
IS_Net_Income_From_Continuing_Operation_Net_Minority_Interest,IS_Net_Income,0.999998832271969,IS_Net_Income,IS_Net_Income_From_Continuing_Operation_Net_Minority_Interest,feature_2_mandatory_protected,0.38830584707646176,0.38830584707646176,1.2738290650486155e+25,1.2738049599289707e+25,0.1839340963135494,0.1978402504558261,0.0,0.0,False,True
IS_Diluted_EPS,IS_Basic_EPS,0.9999963032224126,IS_Basic_EPS,IS_Diluted_EPS,lower_variance,0.6596701649175413,0.6596701649175413,9592.03861631838,9593.465335077808,0.09383338828343102,0.05447162627672664,0.0,0.0,False,False
previousClose,open,0.9999932572241975,open,previousClose,lower_variance,0.06296851574212893,0.06296851574212893,38948403.93741418,38959132.232744,0.013266357595119072,0.02497942766929584,0.0,0.0,False,False
regularMarketPreviousClose,regularMarketOpen,0.9999875053068029,regularMarketPreviousClose,regularMarketOpen,higher_missing_ratio,0.0,0.013493253373313344,38966872.35610573,38976396.2009896,0.0,0.0,0.0,0.0,False,False
regularMarketPreviousClose,regularMarketPrice,0.9999854791427172,regularMarketPreviousClose,regularMarketPrice,lower_variance,0.0,0.0,38966872.35610573,38911319.79965874,0.0,0.0,0.0,0.0,False,False
dayLow,regularMarketDayLow,0.9999847626862796,regularMarketDayLow,dayLow,higher_missing_ratio,0.06296851574212893,0.013493253373313344,38772567.79970376,38786742.93715193,0.04390041194240646,0.018587574043649635,0.0,0.0,False,False
dayHigh,regularMarketDayHigh,0.9999834001088734,regularMarketDayHigh,dayHigh,higher_missing_ratio,0.06296851574212893,0.013493253373313344,39086082.64542955,39101175.96183891,0.0054750329019777055,0.0,0.0,0.0,False,False
CF_Net_Intangibles_Purchase_And_Sale,CF_Purchase_Of_Intangibles,0.9999830476939909,CF_Purchase_Of_Intangibles,CF_Net_Intangibles_Purchase_And_Sale,lower_variance,0.0,0.0,2.5032718293254913e+23,2.503467761336744e+23,0.15693554273117893,0.15714425528657294,0.0,0.0,False,False
IS_Diluted_Average_Shares,IS_Basic_Average_Shares,0.9999828595168359,IS_Diluted_Average_Shares,IS_Basic_Average_Shares,higher_missing_ratio,0.656671664167916,0.6596701649175413,1.8746563381505428e+21,1.8744927429516124e+21,0.007959164847272326,0.0,0.0,0.0,False,False
open,regularMarketPreviousClose,0.9999724006474108,regularMarketPreviousClose,open,higher_missing_ratio,0.06296851574212893,0.0,38959132.232744,38966872.35610573,0.02497942766929584,0.0,0.0,0.0,False,False
regularMarketPreviousClose,regularMarketDayLow,0.9999430942187804,regularMarketPreviousClose,regularMarketDayLow,higher_missing_ratio,0.0,0.013493253373313344,38966872.35610573,38786742.93715193,0.0,0.018587574043649635,0.0,0.0,False,False
regularMarketPreviousClose,regularMarketDayHigh,0.999933691559499,regularMarketPreviousClose,regularMarketDayHigh,higher_missing_ratio,0.0,0.013493253373313344,38966872.35610573,39101175.96183891,0.0,0.0,0.0,0.0,False,False
IS_Total_Unusual_Items,IS_Total_Unusual_Items_Excluding_Goodwill,0.9998845343782087,IS_Total_Unusual_Items_Excluding_Goodwill,IS_Total_Unusual_Items,lower_variance,0.5037481259370314,0.5037481259370314,6.662179222120142e+23,6.678060248088691e+23,0.0746365902020083,0.03324871173654209,0.0,0.0,False,False
BS_Ordinary_Shares_Number,BS_Share_Issued,0.999281589034765,BS_Share_Issued,BS_Ordinary_Shares_Number,lower_variance,0.38980509745127434,0.38980509745127434,2.0146309501727552e+21,2.435283541123851e+21,0.02353751743451049,0.02665759563824044,0.0,0.0,False,False
IS_Net_Income_Continuous_Operations,IS_Pretax_Income,0.9988652953945297,IS_Pretax_Income,IS_Net_Income_Continuous_Operations,lower_variance,0.38830584707646176,0.38830584707646176,1.5094196076122908e+25,2.291975152175589e+25,0.1953544062551409,0.17759955612863831,0.0,0.0,False,False
CF_Net_PPE_Purchase_And_Sale,CF_Purchase_Of_PPE,0.9988133866706805,CF_Purchase_Of_PPE,CF_Net_PPE_Purchase_And_Sale,lower_variance,0.0,0.0,7.83873267041175e+23,8.185530879907524e+23,0.238698205968237,0.2530621986206345,0.0,0.0,False,False
BS_Capital_Lease_Obligations,BS_Long_Term_Capital_Lease_Obligation,0.9986799510634836,BS_Capital_Lease_Obligations,BS_Long_Term_Capital_Lease_Obligation,higher_missing_ratio,0.5742128935532234,0.6041979010494752,1.8507619590822766e+24,1.2859109636857258e+24,0.046748259733724984,0.07413915283248751,0.0,0.0,False,False
IS_Reconciled_Depreciation,IS_Depreciation_Income_Statement,0.9976155964514298,IS_Reconciled_Depreciation,IS_Depreciation_Income_Statement,higher_missing_ratio,0.42278860569715143,0.424287856071964,3.151706622704126e+23,2.929342364885559e+23,0.13758686030834522,0.11040021575158465,0.0,0.0,False,False
BS_Cash_And_Cash_Equivalents,CF_End_Cash_Position,0.9973416296732693,CF_End_Cash_Position,BS_Cash_And_Cash_Equivalents,higher_missing_ratio,0.38830584707646176,0.0,1.3982817865196279e+26,1.3436527614399556e+26,0.11345099503750777,0.28577793523992145,0.0,0.0,False,False
BS_Invested_Capital,BS_Total_Capitalization,0.9973024901674009,BS_Invested_Capital,BS_Total_Capitalization,lower_variance,0.40929535232383807,0.40929535232383807,7.60307562263243e+26,7.04239735952584e+26,0.11822549772137259,0.08719318325224812,0.0,0.0,False,False
BS_Total_Liabilities_Net_Minority_Interest,BS_Total_Assets,0.9951792827371088,BS_Total_Assets,BS_Total_Liabilities_Net_Minority_Interest,feature_2_mandatory_protected,0.38830584707646176,0.38830584707646176,1.0804031029527011e+28,1.507485333357865e+28,0.09014606821878268,0.16056922307527177,0.0,0.0,False,True
IS_Total_Expenses,IS_Cost_Of_Revenue,0.9950594962672183,IS_Total_Expenses,IS_Cost_Of_Revenue,higher_missing_ratio,0.44677661169415295,0.4617691154422789,2.2127313832106922e+26,1.7114151835224015e+26,0.07748703256060696,0.07065264814294725,0.0,0.0,False,False
BS_Current_Debt_And_Capital_Lease_Obligation,BS_Current_Debt,0.9946842258661227,BS_Current_Debt_And_Capital_Lease_Obligation,BS_Current_Debt,higher_missing_ratio,0.48425787106446777,0.545727136431784,5.337347688599113e+24,5.050585748856067e+24,0.029880116100981624,0.06542735136832878,0.0,0.0,False,False
IS_Total_Unusual_Items_Excluding_Goodwill,IS_Special_Income_Charges,0.9926743866796819,IS_Total_Unusual_Items_Excluding_Goodwill,IS_Special_Income_Charges,higher_missing_ratio,0.5037481259370314,0.5232383808095952,6.678060248088691e+23,6.539224683155926e+23,0.03324871173654209,0.05922543079716691,0.0,0.0,False,False
IS_Net_Income,IS_Pretax_Income,0.9917178218991811,IS_Net_Income,IS_Pretax_Income,feature_1_mandatory_protected,0.38830584707646176,0.38830584707646176,1.2738049599289707e+25,2.291975152175589e+25,0.1978402504558261,0.17759955612863831,0.0,0.0,True,False
BS_Total_Equity_Gross_Minority_Interest,BS_Stockholders_Equity,0.990899299284796,BS_Total_Equity_Gross_Minority_Interest,BS_Stockholders_Equity,lower_variance,0.38830584707646176,0.38830584707646176,4.790617636117284e+26,3.824911316237716e+26,0.08520198887336794,0.15532687067089812,0.0,0.0,False,False
BS_Investmentin_Financial_Assets,BS_Available_For_Sale_Securities,0.9907971734763611,BS_Investmentin_Financial_Assets,BS_Available_For_Sale_Securities,higher_missing_ratio,0.7376311844077961,0.7886056971514243,5.3564139552138896e+26,3.960672138532716e+26,0.05077703991685878,0.09004091151816951,0.0,0.0,False,False
marketCap,enterpriseValue,0.9896055867038591,marketCap; enterpriseValue,,both_mandatory_protected_keep_both,0.008995502248875561,0.06446776611694154,4.6525472191860674e+27,4.701561633073133e+27,0.060087438561372775,0.05766610088237467,0.0,0.0,True,True
exDividendDate,lastDividendDate,0.9884149106770663,lastDividendDate,exDividendDate,higher_missing_ratio,0.36281859070464767,0.3598200899550225,2.8689753887810016e+16,2.8392670230436388e+16,0.08536484702814207,0.07803975407171193,0.0,0.0,False,False
CF_Net_Investment_Properties_Purchase_And_Sale,CF_Purchase_Of_Investment_Properties,0.9881207807932646,CF_Net_Investment_Properties_Purchase_And_Sale,CF_Purchase_Of_Investment_Properties,lower_variance,0.0,0.0,9.830447141196445e+21,9.441337089101115e+21,0.10728591488777917,0.06804216247525541,0.0,0.0,False,False
CF_Classesof_Cash_Payments,CF_Classesof_Cash_Receiptsfrom_Operating_Activities,0.9876077042015559,CF_Classesof_Cash_Payments,CF_Classesof_Cash_Receiptsfrom_Operating_Activities,lower_variance,0.0,0.0,1.653568550288404e+27,1.56130570939791e+27,0.2570227005043051,0.28174437537480856,0.0,0.0,False,False
IS_Normalized_Income,IS_Tax_Provision,0.9868254064269711,IS_Normalized_Income,IS_Tax_Provision,lower_variance,0.38830584707646176,0.38830584707646176,1.183259317499156e+25,8.564230680363413e+23,0.17439993672747,0.09805781042836381,0.0,0.0,False,False
CF_Sale_Of_Investment,CF_Purchase_Of_Investment,0.9858141930599037,CF_Purchase_Of_Investment,CF_Sale_Of_Investment,lower_variance,0.0,0.0,2.3351022059395716e+26,2.786348578219964e+26,0.13974025862749828,0.16601504022592062,0.0,0.0,False,False
totalRevenue,IS_Operating_Revenue,0.9847120130741479,totalRevenue,IS_Operating_Revenue,feature_1_mandatory_protected,0.06596701649175413,0.38830584707646176,3.124875601311321e+26,3.2789711498936615e+26,0.1639483638746273,0.11048386693637902,0.0,0.0,True,False
CF_Net_Issuance_Payments_Of_Debt,CF_Net_Long_Term_Debt_Issuance,0.9840439555049536,CF_Net_Issuance_Payments_Of_Debt,CF_Net_Long_Term_Debt_Issuance,lower_variance,0.0,0.0,3.8401114770875176e+24,3.741121118721273e+24,0.23920673637870582,0.1970271345302279,0.0,0.0,False,False
BS_Invested_Capital,BS_Total_Equity_Gross_Minority_Interest,0.9835777646088819,BS_Total_Equity_Gross_Minority_Interest,BS_Invested_Capital,higher_missing_ratio,0.40929535232383807,0.38830584707646176,7.60307562263243e+26,4.790617636117284e+26,0.11822549772137259,0.08520198887336794,0.0,0.0,False,False
BS_Accounts_Receivable,BS_Gross_Accounts_Receivable,0.9831416800710174,BS_Accounts_Receivable,BS_Gross_Accounts_Receivable,feature_1_mandatory_protected,0.46326836581709147,0.5652173913043478,2.254570256974679e+24,2.49917404189861e+24,0.10094214522128997,0.06268477204757006,0.0,0.0,True,False
IS_Net_Interest_Income,IS_Interest_Income,0.9829297939964263,IS_Net_Interest_Income,IS_Interest_Income,higher_missing_ratio,0.39280359820089955,0.4272863568215892,2.5704817739824166e+25,4.766815044030339e+25,0.1212935208431718,0.13634013757467378,0.0,0.0,False,False
IS_EBITDA,IS_EBIT,0.9825078315382899,IS_EBIT,IS_EBITDA,higher_missing_ratio,0.4617691154422789,0.4542728635682159,7.96445448886082e+24,7.346631607020263e+24,0.17863767355290894,0.13741002272265468,0.0,0.0,False,False
IS_Net_Interest_Income,BS_Investmentin_Financial_Assets,0.9813919602681618,IS_Net_Interest_Income,BS_Investmentin_Financial_Assets,higher_missing_ratio,0.39280359820089955,0.7376311844077961,2.5704817739824166e+25,5.3564139552138896e+26,0.1212935208431718,0.05077703991685878,0.0,0.0,False,False
quickRatio,currentRatio,0.9799539761849757,quickRatio; currentRatio,,both_mandatory_protected_keep_both,0.12143928035982009,0.12143928035982009,8307.33569770474,9431.435765900414,0.12856033079800788,0.10529146418700619,0.0,0.0,True,True
BS_Total_Assets,CF_Beginning_Cash_Position,0.9792195325103337,BS_Total_Assets,CF_Beginning_Cash_Position,feature_1_mandatory_protected,0.38830584707646176,0.0,1.507485333357865e+28,1.6089559469373076e+26,0.16056922307527177,0.26506162164100666,0.0,0.0,True,False
CF_Free_Cash_Flow,CF_Cash_Flowsfromusedin_Operating_Activities_Direct,0.9784933379131363,CF_Cash_Flowsfromusedin_Operating_Activities_Direct,CF_Free_Cash_Flow,lower_variance,0.0,0.0,2.7594937915884045e+25,2.845353977449277e+25,0.22954150786166738,0.22312046822074527,0.0,0.0,False,False
CF_Paymentsto_Suppliersfor_Goodsand_Services,CF_Receiptsfrom_Customers,0.976685198440528,CF_Receiptsfrom_Customers,CF_Paymentsto_Suppliersfor_Goodsand_Services,lower_variance,0.0,0.0,2.0598983851798654e+26,3.673932857712914e+26,0.282142560583434,0.275262604866235,0.0,0.0,False,False
IS_Normalized_Income,IS_Net_Income,0.9761013837423418,IS_Net_Income,IS_Normalized_Income,feature_2_mandatory_protected,0.38830584707646176,0.38830584707646176,1.183259317499156e+25,1.2738049599289707e+25,0.17439993672747,0.1978402504558261,0.0,0.0,False,True
BS_Share_Issued,IS_Diluted_Average_Shares,0.975957344439191,BS_Share_Issued,IS_Diluted_Average_Shares,higher_missing_ratio,0.38980509745127434,0.656671664167916,2.435283541123851e+21,1.8746563381505428e+21,0.02665759563824044,0.007959164847272326,0.0,0.0,False,False
BS_Total_Debt,BS_Long_Term_Debt_And_Capital_Lease_Obligation,0.9750809187334849,BS_Total_Debt,BS_Long_Term_Debt_And_Capital_Lease_Obligation,higher_missing_ratio,0.41529235382308843,0.44377811094452774,9.536405021147965e+25,7.641708880565208e+25,0.08287211983374965,0.07535388445652513,0.0,0.0,False,False
IS_Total_Expenses,CF_Receiptsfrom_Customers,0.9738465514130965,CF_Receiptsfrom_Customers,IS_Total_Expenses,higher_missing_ratio,0.44677661169415295,0.0,2.2127313832106922e+26,3.673932857712914e+26,0.07748703256060696,0.275262604866235,0.0,0.0,False,False
BS_Accumulated_Depreciation,BS_Gross_PPE,0.9711577303793678,BS_Gross_PPE,BS_Accumulated_Depreciation,higher_missing_ratio,0.39280359820089955,0.38980509745127434,5.688573837524746e+25,1.925524967482292e+26,0.07140007530282588,0.08677885146269526,0.0,0.0,False,False
ebitda,IS_Normalized_EBITDA,0.9710939050746066,ebitda,IS_Normalized_EBITDA,feature_1_mandatory_protected,0.15892053973013492,0.4617691154422789,7.567308022731438e+24,7.288979776395488e+24,0.21628726683228394,0.15954217605970578,0.0,0.0,True,False
BS_Total_Assets,CF_End_Cash_Position,0.9702399683530669,BS_Total_Assets,CF_End_Cash_Position,feature_1_mandatory_protected,0.38830584707646176,0.0,1.507485333357865e+28,1.3436527614399556e+26,0.16056922307527177,0.28577793523992145,0.0,0.0,True,False
ebitda,IS_Operating_Income,0.9693042829259386,ebitda,IS_Operating_Income,feature_1_mandatory_protected,0.15892053973013492,0.4617691154422789,7.567308022731438e+24,4.62153093131094e+24,0.21628726683228394,0.15677612051030732,0.0,0.0,True,False
BS_Capital_Lease_Obligations,BS_Current_Capital_Lease_Obligation,0.968896522701056,BS_Capital_Lease_Obligations,BS_Current_Capital_Lease_Obligation,higher_missing_ratio,0.5742128935532234,0.5862068965517241,1.8507619590822766e+24,5.533476854019329e+22,0.046748259733724984,0.07223404983965698,0.0,0.0,False,False
BS_Net_PPE,BS_Gross_PPE,0.9643108782667753,BS_Gross_PPE,BS_Net_PPE,lower_variance,0.38980509745127434,0.38980509745127434,4.6204167950743906e+25,1.925524967482292e+26,0.09333969879977544,0.08677885146269526,0.0,0.0,False,False
totalDebt,BS_Total_Debt,0.9635851580666992,totalDebt,BS_Total_Debt,feature_1_mandatory_protected,0.06446776611694154,0.41529235382308843,1.78311766555495e+26,9.536405021147965e+25,0.11183740869494296,0.08287211983374965,0.0,0.0,True,False
CF_Long_Term_Debt_Payments,CF_Long_Term_Debt_Issuance,0.9621570782320117,CF_Long_Term_Debt_Issuance,CF_Long_Term_Debt_Payments,lower_variance,0.0,0.0,3.0737679557545254e+25,4.64616155670899e+25,0.21614349903650742,0.17289182752473198,0.0,0.0,False,False
BS_Total_Non_Current_Liabilities_Net_Minority_Interest,BS_Long_Term_Debt,0.961175875647295,BS_Total_Non_Current_Liabilities_Net_Minority_Interest,BS_Long_Term_Debt,higher_missing_ratio,0.4617691154422789,0.6011994002998501,2.700929869778118e+25,1.7563783093814138e+25,0.11405055203469616,0.04487380182080347,0.0,0.0,False,False
grossProfits,IS_Operating_Expense,0.9607523488023441,grossProfits,IS_Operating_Expense,feature_1_mandatory_protected,0.06446776611694154,0.4032983508245877,6.275235272327567e+25,1.3466991860250128e+25,0.2084736485235268,0.1363748379523193,0.0,0.0,True,False
IS_Net_Income,CF_Cash_Dividends_Paid,0.9500815221806057,IS_Net_Income,CF_Cash_Dividends_Paid,feature_1_mandatory_protected,0.38830584707646176,0.0,1.2738049599289707e+25,4.429312085024326e+24,0.1978402504558261,0.20843773935076815,0.0,0.0,True,False
