IDXCode,Company_Name,symbol,shortName,longName,original_index,reference_riskLevel,predicted_riskLevel,predicted_riskLevel_encoded,proba_High Risk,proba_Low Risk,proba_Medium Risk,max_proba,margin,entropy_norm,is_uncertain_max_proba,is_uncertain_margin,is_uncertain_entropy,is_uncertain
B155.JK,Company B155in Conglomerates,BNBR.JK,Bakrie & Brothers Tbk,PT Bakrie & Brothers Tbk,154,High Risk,High Risk,0,0.91572523,0.03965472,0.044620093,0.91572523,0.87110513,0.31617723905065187,False,False,False,False
I378.JK,Company I378in Lumber & Wood Production,IFII.JK,Indonesia Fibreboard Industry T,PT Indonesia Fibreboard Industry Tbk,377,High Risk,High Risk,0,0.91572523,0.03965472,0.044620093,0.91572523,0.87110513,0.31617723905065187,False,False,False,False
S748.JK,Company S748in Building Materials,SMCB.JK,Solusi Bangun Indonesia Tbk,PT Solusi Bangun Indonesia Tbk,747,High Risk,High Risk,0,0.91572523,0.03965472,0.044620093,0.91572523,0.87110513,0.31617723905065187,False,False,False,False
H354.JK,Company H354in Medical Care Facilities,HEAL.JK,Medikaloka Hermina Tbk.,PT Medikaloka Hermina Tbk,353,High Risk,High Risk,0,0.9154987,0.039644912,0.04485645,0.9154987,0.87064224,0.31679872418507526,False,False,False,False
I412.JK,Company I412in Marine Shipping,IPCM.JK,Jasa Armada Indonesia Tbk.,PT Jasa Armada Indonesia Tbk,411,High Risk,High Risk,0,0.9154987,0.039644912,0.04485645,0.9154987,0.87064224,0.31679872418507526,False,False,False,False
B160.JK,Company B160in Packaged Foods,BOBA.JK,Formosa Ingredient Factory Tbk.,PT Formosa Ingredient Factory Tbk,159,High Risk,High Risk,0,0.91533905,0.039528023,0.045132916,0.91533905,0.8702061,0.3172227229913187,False,False,False,False
B172.JK,Company B172in Packaged Foods,BRRC.JK,Raja Roti Cemerlang Tbk.,,171,High Risk,High Risk,0,0.91533905,0.039528023,0.045132916,0.91533905,0.8702061,0.3172227229913187,False,False,False,False
C229.JK,Company C229in Packaged Foods,CRAB.JK,Toba Surimi Industries Tbk.,PT Toba Surimi Industries Tbk,228,High Risk,High Risk,0,0.91533905,0.039528023,0.045132916,0.91533905,0.8702061,0.3172227229913187,False,False,False,False
E289.JK,Company E289in Packaged Foods,ENZO.JK,Morenzo Abadi Perkasa Tbk.,PT Morenzo Abadi Perkasa Tbk,288,High Risk,High Risk,0,0.91533905,0.039528023,0.045132916,0.91533905,0.8702061,0.3172227229913187,False,False,False,False
E298.JK,Company E298in ,ETWA.JK,"ETWA.JK,0P0000AV1H,0",PT Eterindo Wahanatama Tbk,297,High Risk,High Risk,0,0.91533905,0.039528023,0.045132916,0.91533905,0.8702061,0.3172227229913187,False,False,False,False
F312.JK,Company F312in Packaged Foods,FOOD.JK,Sentra Food Indonesia Tbk.,PT Sentra Food Indonesia Tbk,311,High Risk,High Risk,0,0.91533905,0.039528023,0.045132916,0.91533905,0.8702061,0.3172227229913187,False,False,False,False
I420.JK,Company I420in Packaged Foods,ISEA.JK,Indo American Seafoods Tbk.,,419,High Risk,High Risk,0,0.91533905,0.039528023,0.045132916,0.91533905,0.8702061,0.3172227229913187,False,False,False,False
M515.JK,Company M515in Packaged Foods,MAXI.JK,Maxindo Karya Anugerah Tbk.,PT Maxindo Karya Anugerah Tbk,514,High Risk,High Risk,0,0.91533905,0.039528023,0.045132916,0.91533905,0.8702061,0.3172227229913187,False,False,False,False
S775.JK,Company S775in ,SRIL.JK,"SRIL.JK,0P0000YZ2P,0",PT Sri Rejeki Isman Tbk,774,High Risk,High Risk,0,0.91533905,0.039528023,0.045132916,0.91533905,0.8702061,0.3172227229913187,False,False,False,False
A897.JK,Company A897in ,ARMY.JK,"ARMY.JK,0P0001AP00,0",PT Armidian Karyatama Tbk,896,High Risk,High Risk,0,0.91533905,0.039528023,0.045132916,0.91533905,0.8702061,0.3172227229913187,False,False,False,False
B898.JK,Company B898in ,BOSS.JK,"BOSS.JK,0P0001CQ56,0",PT. Borneo Olah Sarana Sukses Tbk,897,High Risk,High Risk,0,0.91533905,0.039528023,0.045132916,0.91533905,0.8702061,0.3172227229913187,False,False,False,False
B899.JK,Company B899in ,BTEL.JK,"BTEL.JK,0P0000BGUU,0",PT Bakrie Telecom Tbk,898,High Risk,High Risk,0,0.91533905,0.039528023,0.045132916,0.91533905,0.8702061,0.3172227229913187,False,False,False,False
C900.JK,Company C900in ,CBMF.JK,"CBMF.JK,0P0001JLXG,0",PT Cahaya Bintang Medan Tbk,899,High Risk,High Risk,0,0.91533905,0.039528023,0.045132916,0.91533905,0.8702061,0.3172227229913187,False,False,False,False
C901.JK,Company C901in ,CNTB.JK,"CNTB.JK,0P0000C4JO,0",PT Century Textile Industry Tbk,900,High Risk,High Risk,0,0.91533905,0.039528023,0.045132916,0.91533905,0.8702061,0.3172227229913187,False,False,False,False
C902.JK,Company C902in ,COWL.JK,"COWL.JK,0P0000D53W,0",PT Cowell Development Tbk,901,High Risk,High Risk,0,0.91533905,0.039528023,0.045132916,0.91533905,0.8702061,0.3172227229913187,False,False,False,False
C903.JK,Company C903in ,CPRI.JK,"CPRI.JK,0P0001H7PD,0",PT Capri Nusa Satu Properti Tbk,902,High Risk,High Risk,0,0.91533905,0.039528023,0.045132916,0.91533905,0.8702061,0.3172227229913187,False,False,False,False
D904.JK,Company D904in ,DEAL.JK,"DEAL.JK,0P0001EXWI,0",PT Dewata Freightinternational Tbk,903,High Risk,High Risk,0,0.91533905,0.039528023,0.045132916,0.91533905,0.8702061,0.3172227229913187,False,False,False,False
D905.JK,Company D905in ,DUCK.JK,"DUCK.JK,0P0001EQP8,0",PT Jaya Bersama Indo Tbk,904,High Risk,High Risk,0,0.91533905,0.039528023,0.045132916,0.91533905,0.8702061,0.3172227229913187,False,False,False,False
F907.JK,Company F907in ,FORZ.JK,"FORZ.JK,0P0001ACRN,0",PT Forza Land Indonesia Tbk,906,High Risk,High Risk,0,0.91533905,0.039528023,0.045132916,0.91533905,0.8702061,0.3172227229913187,False,False,False,False
G908.JK,Company G908in ,GAMA.JK,"GAMA.JK,0P0000WGD9,0",PT Aksara Global Development Tbk,907,High Risk,High Risk,0,0.91533905,0.039528023,0.045132916,0.91533905,0.8702061,0.3172227229913187,False,False,False,False
G909.JK,Company G909in ,GOLL.JK,"GOLL.JK,0P000154MR,0",PT Golden Plantation Tbk,908,High Risk,High Risk,0,0.91533905,0.039528023,0.045132916,0.91533905,0.8702061,0.3172227229913187,False,False,False,False
H912.JK,Company H912in ,HKMU.JK,"HKMU.JK,0P0001EQEZ,0",PT HK Metals Utama Tbk,911,High Risk,High Risk,0,0.91533905,0.039528023,0.045132916,0.91533905,0.8702061,0.3172227229913187,False,False,False,False
H913.JK,Company H913in ,HOME.JK,"HOME.JK,0P0000JDAY,0",PT Hotel Mandarine Regency Tbk,912,High Risk,High Risk,0,0.91533905,0.039528023,0.045132916,0.91533905,0.8702061,0.3172227229913187,False,False,False,False
H914.JK,Company H914in ,HOTL.JK,"HOTL.JK,0P0000XUPX,0",PT. Saraswati Griya Lestari Tbk,913,High Risk,High Risk,0,0.91533905,0.039528023,0.045132916,0.91533905,0.8702061,0.3172227229913187,False,False,False,False
J916.JK,Company J916in ,JKSW.JK,"JKSW.JK,0P0000APEN,0","PT Jakarta Kyoei Steel Works, Tbk",915,High Risk,High Risk,0,0.91533905,0.039528023,0.045132916,0.91533905,0.8702061,0.3172227229913187,False,False,False,False
J917.JK,Company J917in ,JSKY.JK,"JSKY.JK,0P0001D26O,0",PT Sky Energy Indonesia Tbk,916,High Risk,High Risk,0,0.91533905,0.039528023,0.045132916,0.91533905,0.8702061,0.3172227229913187,False,False,False,False
K918.JK,Company K918in ,KAYU.JK,"KAYU.JK,0P0001HX07,0",PT Darmi Bersaudara Tbk,917,High Risk,High Risk,0,0.91533905,0.039528023,0.045132916,0.91533905,0.8702061,0.3172227229913187,False,False,False,False
K919.JK,Company K919in ,KBRI.JK,"KBRI.JK,0P0000JDAP,0",PT Kertas Basuki Rachmat Indonesia Tbk,918,High Risk,High Risk,0,0.91533905,0.039528023,0.045132916,0.91533905,0.8702061,0.3172227229913187,False,False,False,False
K920.JK,Company K920in ,KPAL.JK,"KPAL.JK,0P0001DHW9,0",PT Steadfast Marine Tbk,919,High Risk,High Risk,0,0.91533905,0.039528023,0.045132916,0.91533905,0.8702061,0.3172227229913187,False,False,False,False
K921.JK,Company K921in ,KPAS.JK,"KPAS.JK,0P0001EPRC,0",PT Cottonindo Ariesta Tbk,920,High Risk,High Risk,0,0.91533905,0.039528023,0.045132916,0.91533905,0.8702061,0.3172227229913187,False,False,False,False
K922.JK,Company K922in ,KRAH.JK,"KRAH.JK,0P0000ZXDW,0",PT Grand Kartech Tbk,921,High Risk,High Risk,0,0.91533905,0.039528023,0.045132916,0.91533905,0.8702061,0.3172227229913187,False,False,False,False
L924.JK,Company L924in ,LCGP.JK,"LCGP.JK,0P0000EOLE,0",PT Eureka Prima Jakarta Tbk,923,High Risk,High Risk,0,0.91533905,0.039528023,0.045132916,0.91533905,0.8702061,0.3172227229913187,False,False,False,False
L925.JK,Company L925in ,LMAS.JK,"LMAS.JK,0P0000B77G,0",PT Limas Indonesia Makmur Tbk,924,High Risk,High Risk,0,0.91533905,0.039528023,0.045132916,0.91533905,0.8702061,0.3172227229913187,False,False,False,False
M926.JK,Company M926in ,MABA.JK,"MABA.JK,0P0001B2S6,0",PT Marga Abhinaya Abadi Tbk,925,High Risk,High Risk,0,0.91533905,0.039528023,0.045132916,0.91533905,0.8702061,0.3172227229913187,False,False,False,False
M927.JK,Company M927in ,MAGP.JK,"MAGP.JK,0P0000XUPW,0",PT Multi Agro Gemilang Plantation Tbk,926,High Risk,High Risk,0,0.91533905,0.039528023,0.045132916,0.91533905,0.8702061,0.3172227229913187,False,False,False,False
M928.JK,Company M928in ,MAMI.JK,"MAMI.JK,0P0000AH0T,0","PT Mas Murni Indonesia, Tbk",927,High Risk,High Risk,0,0.91533905,0.039528023,0.045132916,0.91533905,0.8702061,0.3172227229913187,False,False,False,False
M929.JK,Company M929in ,MAMIP.JK,"MAMIP.JK,0P0000EGJN,0",,928,High Risk,High Risk,0,0.91533905,0.039528023,0.045132916,0.91533905,0.8702061,0.3172227229913187,False,False,False,False
M931.JK,Company M931in ,MTRA.JK,"MTRA.JK,0P00017FWO,0",PT Mitra Pemuda Tbk,930,High Risk,High Risk,0,0.91533905,0.039528023,0.045132916,0.91533905,0.8702061,0.3172227229913187,False,False,False,False
M932.JK,Company M932in ,MYRX.JK,"MYRX.JK,0P0000C5DS,0",PT Hanson International Tbk,931,High Risk,High Risk,0,0.91533905,0.039528023,0.045132916,0.91533905,0.8702061,0.3172227229913187,False,False,False,False
M933.JK,Company M933in ,MYRXP.JK,"MYRXP.JK,0P0000EGT4,0",PT Hanson International Tbk,932,High Risk,High Risk,0,0.91533905,0.039528023,0.045132916,0.91533905,0.8702061,0.3172227229913187,False,False,False,False
N934.JK,Company N934in ,NIPS.JK,"NIPS.JK,0P0000BS4W,0",PT Nipress Tbk,933,High Risk,High Risk,0,0.91533905,0.039528023,0.045132916,0.91533905,0.8702061,0.3172227229913187,False,False,False,False
N935.JK,Company N935in ,NUSA.JK,"NUSA.JK,0P0001DYYE,0",PT Sinergi Megah Internusa Tbk,934,High Risk,High Risk,0,0.91533905,0.039528023,0.045132916,0.91533905,0.8702061,0.3172227229913187,False,False,False,False
O936.JK,Company O936in ,OCAP.JK,"OCAP.JK,0P0000EKZ2,0",PT Onix Capital Tbk,935,High Risk,High Risk,0,0.91533905,0.039528023,0.045132916,0.91533905,0.8702061,0.3172227229913187,False,False,False,False
P937.JK,Company P937in ,PLAS.JK,"PLAS.JK,0P0000EJOZ,0",PT Polaris Investama Tbk,936,High Risk,High Risk,0,0.91533905,0.039528023,0.045132916,0.91533905,0.8702061,0.3172227229913187,False,False,False,False
P938.JK,Company P938in ,POOL.JK,"POOL.JK,0P0000EQUC,0",PT. Pool Advista Indonesia Tbk,937,High Risk,High Risk,0,0.91533905,0.039528023,0.045132916,0.91533905,0.8702061,0.3172227229913187,False,False,False,False
P940.JK,Company P940in ,PRAS.JK,"PRAS.JK,0P0000EL05,0",PT. Prima Alloy Steel Universal Tbk,939,High Risk,High Risk,0,0.91533905,0.039528023,0.045132916,0.91533905,0.8702061,0.3172227229913187,False,False,False,False
P941.JK,Company P941in ,PURE.JK,"PURE.JK,0P0001IIHI,0",PT Trinitan Metals and Minerals Tbk,940,High Risk,High Risk,0,0.91533905,0.039528023,0.045132916,0.91533905,0.8702061,0.3172227229913187,False,False,False,False
R942.JK,Company R942in ,RIMO.JK,"RIMO.JK,0P0000BRSP,0",PT Rimo International Lestari Tbk,941,High Risk,High Risk,0,0.91533905,0.039528023,0.045132916,0.91533905,0.8702061,0.3172227229913187,False,False,False,False
S943.JK,Company S943in ,SCPI.JK,"SCPI.JK,0P0000B82V,0",Organon Pharma Indonesia PT,942,High Risk,High Risk,0,0.91533905,0.039528023,0.045132916,0.91533905,0.8702061,0.3172227229913187,False,False,False,False
S944.JK,Company S944in ,SIMA.JK,"SIMA.JK,0P0000C0M9,0",PT Siwani Makmur Tbk,943,High Risk,High Risk,0,0.91533905,0.039528023,0.045132916,0.91533905,0.8702061,0.3172227229913187,False,False,False,False
S945.JK,Company S945in ,SKYB.JK,"SKYB.JK,0P0000PSUD,0",PT Northcliff Citranusa Indonesia Tbk,944,High Risk,High Risk,0,0.91533905,0.039528023,0.045132916,0.91533905,0.8702061,0.3172227229913187,False,False,False,False
S947.JK,Company S947in ,SUGI.JK,"SUGI.JK,0P0000BT07,0",,946,High Risk,High Risk,0,0.91533905,0.039528023,0.045132916,0.91533905,0.8702061,0.3172227229913187,False,False,False,False
T948.JK,Company T948in ,TDPM.JK,"TDPM.JK,0P0001D349,0",PT Tridomain Performance Materials Tbk,947,High Risk,High Risk,0,0.91533905,0.039528023,0.045132916,0.91533905,0.8702061,0.3172227229913187,False,False,False,False
T949.JK,Company T949in ,TECH.JK,"TECH.JK,0P0001K0MO,0",PT Indosterling Technomedia TBK,948,High Risk,High Risk,0,0.91533905,0.039528023,0.045132916,0.91533905,0.8702061,0.3172227229913187,False,False,False,False
T950.JK,Company T950in ,TRAM.JK,"TRAM.JK,0P0000I0JV,0",PT Trada Alam Minera Tbk,949,High Risk,High Risk,0,0.91533905,0.039528023,0.045132916,0.91533905,0.8702061,0.3172227229913187,False,False,False,False
T951.JK,Company T951in ,TRIL.JK,"TRIL.JK,0P0000EOL4,0",,950,High Risk,High Risk,0,0.91533905,0.039528023,0.045132916,0.91533905,0.8702061,0.3172227229913187,False,False,False,False
U953.JK,Company U953in ,UNIT.JK,"UNIT.JK,0P0000EL10,0",PT Cahaya Permata Sejahtera Tbk,952,High Risk,High Risk,0,0.91533905,0.039528023,0.045132916,0.91533905,0.8702061,0.3172227229913187,False,False,False,False
S733.JK,Company S733in Farm Products,SGRO.JK,Sampoerna Agro Tbk,PT Sampoerna Agro Tbk,732,High Risk,High Risk,0,0.9152955,0.040105335,0.044599153,0.9152955,0.8706963,0.3174050180634848,False,False,False,False
C228.JK,Company C228in Farm Products,CPRO.JK,Central Proteina Prima Tbk.,PT Central Proteina Prima Tbk,227,High Risk,High Risk,0,0.9152844,0.039635632,0.045079973,0.9152844,0.87020445,0.3173853236851526,False,False,False,False
D240.JK,Company D240in Other Industrial Metals & Mining,DAAZ.JK,Daaz Bara Lestari Tbk.,,239,High Risk,High Risk,0,0.9152844,0.039635632,0.045079973,0.9152844,0.87020445,0.3173853236851526,False,False,False,False
D257.JK,Company D257in Other Industrial Metals & Mining,DKFT.JK,Central Omega Resources Tbk.,PT Central Omega Resources Tbk,256,High Risk,High Risk,0,0.9152844,0.039635632,0.045079973,0.9152844,0.87020445,0.3173853236851526,False,False,False,False
I421.JK,Company I421in Steel,ISSP.JK,Steel Pipe Industry of Indonesi,PT Steel Pipe Industry of Indonesia Tbk,420,High Risk,High Risk,0,0.9152844,0.039635632,0.045079973,0.9152844,0.87020445,0.3173853236851526,False,False,False,False
S736.JK,Company S736in Oil & Gas Equipment & Services,SICO.JK,Sigma Energy Compressindo Tbk.,PT Sigma Energy Compressindo Tbk,735,High Risk,High Risk,0,0.9148986,0.039733667,0.045367733,0.9148986,0.86953086,0.3184531062194683,False,False,False,False
A003.JK,Company A003in Farm Products,AALI.JK,Astra Agro Lestari Tbk.,PT Astra Agro Lestari Tbk,2,High Risk,High Risk,0,0.91476744,0.039794892,0.045437627,0.91476744,0.8693298,0.3188189170897302,False,False,False,False
A007.JK,Company A007in Specialty Retail,ACES.JK,Aspirasi Hidup Indonesia Tbk.,PT Aspirasi Hidup Indonesia Tbk,6,High Risk,High Risk,0,0.91476744,0.039794892,0.045437627,0.91476744,0.8693298,0.3188189170897302,False,False,False,False
A011.JK,Company A011in Beverages - Non-Alcoholic,ADES.JK,Akasha Wira International Tbk.,PT Akasha Wira International Tbk,10,High Risk,High Risk,0,0.91476744,0.039794892,0.045437627,0.91476744,0.8693298,0.3188189170897302,False,False,False,False
A013.JK,Company A013in Credit Services,ADMF.JK,Adira Dinamika Multi Finance Tb,PT Adira Dinamika Multi Finance Tbk,12,High Risk,High Risk,0,0.91476744,0.039794892,0.045437627,0.91476744,0.8693298,0.3188189170897302,False,False,False,False
A020.JK,Company A020in Banks - Regional,AGRS.JK,Bank IBK Indonesia Tbk.,PT Bank IBK Indonesia Tbk,19,High Risk,High Risk,0,0.91476744,0.039794892,0.045437627,0.91476744,0.8693298,0.3188189170897302,False,False,False,False
A025.JK,Company A025in Packaged Foods,AISA.JK,FKS Food Sejahtera Tbk.,PT FKS Food Sejahtera Tbk,24,High Risk,High Risk,0,0.91476744,0.039794892,0.045437627,0.91476744,0.8693298,0.3188189170897302,False,False,False,False
A028.JK,Company A028in Oil & Gas Refining & Marketing,AKRA.JK,AKR Corporindo Tbk,PT AKR Corporindo Tbk,27,High Risk,High Risk,0,0.91476744,0.039794892,0.045437627,0.91476744,0.8693298,0.3188189170897302,False,False,False,False
A038.JK,Company A038in Banks - Regional,AMAR.JK,Bank Amar Indonesia Tbk.,PT Bank Amar Indonesia Tbk,37,High Risk,High Risk,0,0.91476744,0.039794892,0.045437627,0.91476744,0.8693298,0.3188189170897302,False,False,False,False
A039.JK,Company A039in Building Materials,AMFG.JK,Asahimas Flat Glass Tbk,PT Asahimas Flat Glass Tbk,38,High Risk,High Risk,0,0.91476744,0.039794892,0.045437627,0.91476744,0.8693298,0.3188189170897302,False,False,False,False
A044.JK,Company A044in Grocery Stores,AMRT.JK,Sumber Alfaria Trijaya Tbk,PT Sumber Alfaria Trijaya Tbk,43,High Risk,High Risk,0,0.91476744,0.039794892,0.045437627,0.91476744,0.8693298,0.3188189170897302,False,False,False,False
A048.JK,Company A048in Gold,ANTM.JK,Aneka Tambang Tbk.,PT Aneka Tambang Tbk,47,High Risk,High Risk,0,0.91476744,0.039794892,0.045437627,0.91476744,0.8693298,0.3188189170897302,False,False,False,False
A062.JK,Company A062in Building Products & Equipment,ARNA.JK,Arwana Citramulia Tbk,PT Arwana Citramulia Tbk,61,High Risk,High Risk,0,0.91476744,0.039794892,0.045437627,0.91476744,0.8693298,0.3188189170897302,False,False,False,False
A082.JK,Company A082in Auto Parts,AUTO.JK,Astra Otoparts Tbk,PT Astra Otoparts Tbk,81,High Risk,High Risk,0,0.91476744,0.039794892,0.045437627,0.91476744,0.8693298,0.3188189170897302,False,False,False,False
A083.JK,Company A083in Specialty Chemicals,AVIA.JK,Avia Avian Tbk.,PT Avia Avian Tbk,82,High Risk,High Risk,0,0.91476744,0.039794892,0.045437627,0.91476744,0.8693298,0.3188189170897302,False,False,False,False
B101.JK,Company B101in Banks - Regional,BBCA.JK,Bank Central Asia Tbk,PT Bank Central Asia Tbk,100,High Risk,High Risk,0,0.91476744,0.039794892,0.045437627,0.91476744,0.8693298,0.3188189170897302,False,False,False,False
B102.JK,Company B102in Banks - Regional,BBHI.JK,Allo Bank Indonesia Tbk.,PT Allo Bank Indonesia Tbk,101,High Risk,High Risk,0,0.91476744,0.039794892,0.045437627,0.91476744,0.8693298,0.3188189170897302,False,False,False,False
B105.JK,Company B105in Banks - Regional,BBMD.JK,Bank Mestika Dharma Tbk.,PT Bank Mestika Dharma Tbk,104,High Risk,High Risk,0,0.91476744,0.039794892,0.045437627,0.91476744,0.8693298,0.3188189170897302,False,False,False,False
B106.JK,Company B106in Banks - Regional,BBNI.JK,Bank Negara Indonesia  (Persero,PT Bank Negara Indonesia (Persero) Tbk,105,High Risk,High Risk,0,0.91476744,0.039794892,0.045437627,0.91476744,0.8693298,0.3188189170897302,False,False,False,False
B107.JK,Company B107in Banks - Regional,BBRI.JK,Bank Rakyat Indonesia (Persero),PT Bank Rakyat Indonesia (Persero) Tbk,106,High Risk,High Risk,0,0.91476744,0.039794892,0.045437627,0.91476744,0.8693298,0.3188189170897302,False,False,False,False
B111.JK,Company B111in Banks - Regional,BBTN.JK,Bank Tabungan Negara (Persero) ,PT Bank Tabungan Negara (Persero) Tbk,110,High Risk,High Risk,0,0.91476744,0.039794892,0.045437627,0.91476744,0.8693298,0.3188189170897302,False,False,False,False
B112.JK,Company B112in Banks - Regional,BBYB.JK,Bank Neo Commerce Tbk.,PT Bank Neo Commerce Tbk,111,High Risk,High Risk,0,0.91476744,0.039794892,0.045437627,0.91476744,0.8693298,0.3188189170897302,False,False,False,False
B117.JK,Company B117in Banks - Regional,BDMN.JK,Bank Danamon Indonesia Tbk.,PT Bank Danamon Indonesia Tbk,116,High Risk,High Risk,0,0.91476744,0.039794892,0.045437627,0.91476744,0.8693298,0.3188189170897302,False,False,False,False
B137.JK,Company B137in Railroads,BIRD.JK,Blue Bird Tbk.,PT Blue Bird Tbk,136,High Risk,High Risk,0,0.91476744,0.039794892,0.045437627,0.91476744,0.8693298,0.3188189170897302,False,False,False,False
B138.JK,Company B138in Agricultural Inputs,BISI.JK,BISI International Tbk,PT BISI International Tbk,137,High Risk,High Risk,0,0.91476744,0.039794892,0.045437627,0.91476744,0.8693298,0.3188189170897302,False,False,False,False
B139.JK,Company B139in Banks - Regional,BJBR.JK,Bank Pembangunan Daerah Jawa Ba,PT Bank Pembangunan Daerah Jawa Barat dan Banten Tbk,138,High Risk,High Risk,0,0.91476744,0.039794892,0.045437627,0.91476744,0.8693298,0.3188189170897302,False,False,False,False
B140.JK,Company B140in Banks - Regional,BJTM.JK,Bank Pembangunan Daerah Jawa Ti,PT Bank Pembangunan Daerah Jawa Timur Tbk,139,High Risk,High Risk,0,0.91476744,0.039794892,0.045437627,0.91476744,0.8693298,0.3188189170897302,False,False,False,False
B156.JK,Company B156in Banks - Regional,BNGA.JK,Bank CIMB Niaga Tbk.,PT Bank CIMB Niaga Tbk,155,High Risk,High Risk,0,0.91476744,0.039794892,0.045437627,0.91476744,0.8693298,0.3188189170897302,False,False,False,False
B158.JK,Company B158in Banks - Regional,BNLI.JK,Bank Permata Tbk,PT Bank Permata Tbk,157,High Risk,High Risk,0,0.91476744,0.039794892,0.045437627,0.91476744,0.8693298,0.3188189170897302,False,False,False,False
B165.JK,Company B165in Asset Management,BPII.JK,Batavia Prosperindo Internasion,PT Batavia Prosperindo Internasional Tbk,164,High Risk,High Risk,0,0.91476744,0.039794892,0.045437627,0.91476744,0.8693298,0.3188189170897302,False,False,False,False
B169.JK,Company B169in Banks - Regional,BRIS.JK,Bank Syariah Indonesia Tbk.,PT Bank Syariah Indonesia Tbk,168,High Risk,High Risk,0,0.91476744,0.039794892,0.045437627,0.91476744,0.8693298,0.3188189170897302,False,False,False,False
B181.JK,Company B181in Banks - Regional,BTPN.JK,Bank SMBC Indonesia Tbk.,PT Bank SMBC Indonesia Tbk,180,High Risk,High Risk,0,0.91476744,0.039794892,0.045437627,0.91476744,0.8693298,0.3188189170897302,False,False,False,False
B182.JK,Company B182in Banks - Regional,BTPS.JK,Bank BTPN Syariah Tbk.,PT Bank BTPN Syariah Tbk,181,High Risk,High Risk,0,0.91476744,0.039794892,0.045437627,0.91476744,0.8693298,0.3188189170897302,False,False,False,False
B190.JK,Company B190in Banks - Regional,BVIC.JK,Bank Victoria International Tbk,PT Bank Victoria International Tbk,189,High Risk,High Risk,0,0.91476744,0.039794892,0.045437627,0.91476744,0.8693298,0.3188189170897302,False,False,False,False
C197.JK,Company C197in Auto & Truck Dealerships,CARS.JK,Industri dan Perdagangan Bintra,PT Industri dan Perdagangan Bintraco Dharma Tbk,196,High Risk,High Risk,0,0.91476744,0.039794892,0.045437627,0.91476744,0.8693298,0.3188189170897302,False,False,False,False
C200.JK,Company C200in Airports & Air Services,CASS.JK,Cahaya Aero Services Tbk.,PT Cahaya Aero Services Tbk.,199,High Risk,High Risk,0,0.91476744,0.039794892,0.045437627,0.91476744,0.8693298,0.3188189170897302,False,False,False,False
C206.JK,Company C206in Packaged Foods,CEKA.JK,Wilmar Cahaya Indonesia Tbk.,PT Wilmar Cahaya Indonesia Tbk.,205,High Risk,High Risk,0,0.91476744,0.039794892,0.045437627,0.91476744,0.8693298,0.3188189170897302,False,False,False,False
C213.JK,Company C213in Other Industrial Metals & Mining,CITA.JK,Cita Mineral Investindo Tbk,PT Cita Mineral Investindo Tbk,212,High Risk,High Risk,0,0.91476744,0.039794892,0.045437627,0.91476744,0.8693298,0.3188189170897302,False,False,False,False
C216.JK,Company C216in Beverages - Non-Alcoholic,CLEO.JK,Sariguna Primatirta Tbk.,PT Sariguna Primatirta Tbk,215,High Risk,High Risk,0,0.91476744,0.039794892,0.045437627,0.91476744,0.8693298,0.3188189170897302,False,False,False,False
C221.JK,Company C221in Packaged Foods,CMRY.JK,Cisarua Mountain Dairy Tbk.,PT Cisarua Mountain Dairy Tbk,220,High Risk,High Risk,0,0.91476744,0.039794892,0.045437627,0.91476744,0.8693298,0.3188189170897302,False,False,False,False
C227.JK,Company C227in Farm Products,CPIN.JK,Charoen Pokphand Indonesia Tbk,PT Charoen Pokphand Indonesia Tbk,226,High Risk,High Risk,0,0.91476744,0.039794892,0.045437627,0.91476744,0.8693298,0.3188189170897302,False,False,False,False
D258.JK,Company D258in Beverages - Brewers,DLTA.JK,Delta Djakarta Tbk,PT Delta Djakarta Tbk,257,High Risk,High Risk,0,0.91476744,0.039794892,0.045437627,0.91476744,0.8693298,0.3188189170897302,False,False,False,False
D261.JK,Company D261in Packaged Foods,DMND.JK,Diamond Food Indonesia Tbk.,PT Diamond Food Indonesia Tbk,260,High Risk,High Risk,0,0.91476744,0.039794892,0.045437627,0.91476744,0.8693298,0.3188189170897302,False,False,False,False
D269.JK,Company D269in Auto Parts,DRMA.JK,Dharma Polimetal Tbk.,PT Dharma Polimetal Tbk,268,High Risk,High Risk,0,0.91476744,0.039794892,0.045437627,0.91476744,0.8693298,0.3188189170897302,False,False,False,False
D274.JK,Company D274in Drug Manufacturers - Specialty & Generic,DVLA.JK,Darya-Varia Laboratoria Tbk,PT Darya-Varia Laboratoria Tbk,273,High Risk,High Risk,0,0.91476744,0.039794892,0.045437627,0.91476744,0.8693298,0.3188189170897302,False,False,False,False
E283.JK,Company E283in Oil & Gas Equipment & Services,ELSA.JK,Elnusa Tbk,PT Elnusa Tbk,282,High Risk,High Risk,0,0.91476744,0.039794892,0.045437627,0.91476744,0.8693298,0.3188189170897302,False,False,False,False
E286.JK,Company E286in Broadcasting,EMTK.JK,Elang Mahkota Teknologi Tbk,PT Elang Mahkota Teknologi Tbk,285,High Risk,High Risk,0,0.91476744,0.039794892,0.045437627,0.91476744,0.8693298,0.3188189170897302,False,False,False,False
E291.JK,Company E291in Medical Distribution,EPMT.JK,Enseval Putera Megatrading Tbk,PT Enseval Putera Megatrading Tbk.,290,High Risk,High Risk,0,0.91476744,0.039794892,0.045437627,0.91476744,0.8693298,0.3188189170897302,False,False,False,False
E293.JK,Company E293in Specialty Retail,ERAL.JK,Sinar Eka Selaras Tbk.,PT Sinar Eka Selaras Tbk,292,High Risk,High Risk,0,0.91476744,0.039794892,0.045437627,0.91476744,0.8693298,0.3188189170897302,False,False,False,False
G333.JK,Company G333in Packaged Foods,GOOD.JK,Garudafood Putra Putri Jaya Tbk,PT Garudafood Putra Putri Jaya Tbk,332,High Risk,High Risk,0,0.91476744,0.039794892,0.045437627,0.91476744,0.8693298,0.3188189170897302,False,False,False,False
G345.JK,Company G345in Packaged Foods,GUNA.JK,Gunanusa Eramandiri Tbk.,,344,High Risk,High Risk,0,0.91476744,0.039794892,0.045437627,0.91476744,0.8693298,0.3188189170897302,False,False,False,False
H361.JK,Company H361in Tobacco,HMSP.JK,H.M. Sampoerna Tbk.,PT Hanjaya Mandala Sampoerna Tbk,360,High Risk,High Risk,0,0.91476744,0.039794892,0.045437627,0.91476744,0.8693298,0.3188189170897302,False,False,False,False
I374.JK,Company I374in Packaged Foods,ICBP.JK,Indofood CBP Sukses Makmur Tbk.,PT Indofood CBP Sukses Makmur Tbk,373,High Risk,High Risk,0,0.91476744,0.039794892,0.045437627,0.91476744,0.8693298,0.3188189170897302,False,False,False,False
I408.JK,Company I408in Building Materials,INTP.JK,Indocement Tunggal Prakarsa Tbk,PT Indocement Tunggal Prakarsa Tbk,407,High Risk,High Risk,0,0.91476744,0.039794892,0.045437627,0.91476744,0.8693298,0.3188189170897302,False,False,False,False
J432.JK,Company J432in Lodging,JIHD.JK,Jakarta International  Hotels &,PT Jakarta International Hotels & Development Tbk,431,High Risk,High Risk,0,0.91476744,0.039794892,0.045437627,0.91476744,0.8693298,0.3188189170897302,False,False,False,False
J433.JK,Company J433in Conglomerates,JKON.JK,Jaya Konstruksi Manggala Pratam,PT Jaya Konstruksi Manggala Pratama Tbk,432,High Risk,High Risk,0,0.91476744,0.039794892,0.045437627,0.91476744,0.8693298,0.3188189170897302,False,False,False,False
J435.JK,Company J435in Farm Products,JPFA.JK,Japfa Comfeed Indonesia Tbk.,PT Japfa Comfeed Indonesia Tbk,434,High Risk,High Risk,0,0.91476744,0.039794892,0.045437627,0.91476744,0.8693298,0.3188189170897302,False,False,False,False
J436.JK,Company J436in Real Estate - Development,JRPT.JK,Jaya Real Property Tbk,"PT Jaya Real Property, Tbk.",435,High Risk,High Risk,0,0.91476744,0.039794892,0.045437627,0.91476744,0.8693298,0.3188189170897302,False,False,False,False
J439.JK,Company J439in Specialty Business Services,JTPE.JK,Jasuindo Tiga Perkasa Tbk,PT Jasuindo Tiga Perkasa Tbk,438,High Risk,High Risk,0,0.91476744,0.039794892,0.045437627,0.91476744,0.8693298,0.3188189170897302,False,False,False,False
K443.JK,Company K443in Electrical Equipment & Parts,KBLI.JK,KMI Wire & Cable Tbk.,PT KMI Wire and Cable Tbk,442,High Risk,High Risk,0,0.91476744,0.039794892,0.045437627,0.91476744,0.8693298,0.3188189170897302,False,False,False,False
K449.JK,Company K449in Packaged Foods,KEJU.JK,Mulia Boga Raya Tbk.,PT Mulia Boga Raya Tbk,448,High Risk,High Risk,0,0.91476744,0.039794892,0.045437627,0.91476744,0.8693298,0.3188189170897302,False,False,False,False
K461.JK,Company K461in Drug Manufacturers - General,KLBF.JK,Kalbe Farma Tbk,PT Kalbe Farma Tbk.,460,High Risk,High Risk,0,0.91476744,0.039794892,0.045437627,0.91476744,0.8693298,0.3188189170897302,False,False,False,False
L501.JK,Company L501in Farm Products,LSIP.JK,PP London Sumatra Indonesia Tbk,PT Perusahaan Perkebunan London Sumatra Indonesia Tbk,500,High Risk,High Risk,0,0.91476744,0.039794892,0.045437627,0.91476744,0.8693298,0.3188189170897302,False,False,False,False
M505.JK,Company M505in Trucking,MAHA.JK,Mandiri Herindo Adiperkasa Tbk.,PT Mandiri Herindo Adiperkasa Tbk,504,High Risk,High Risk,0,0.91476744,0.039794892,0.045437627,0.91476744,0.8693298,0.3188189170897302,False,False,False,False
M506.JK,Company M506in Packaged Foods,MAIN.JK,Malindo Feedmill Tbk,PT Malindo Feedmill Tbk,505,High Risk,High Risk,0,0.91476744,0.039794892,0.045437627,0.91476744,0.8693298,0.3188189170897302,False,False,False,False
M508.JK,Company M508in Specialty Retail,MAPA.JK,Map Aktif Adiperkasa Tbk.,PT Map Aktif Adiperkasa Tbk,507,High Risk,High Risk,0,0.91476744,0.039794892,0.045437627,0.91476744,0.8693298,0.3188189170897302,False,False,False,False
M510.JK,Company M510in Department Stores,MAPI.JK,Mitra Adiperkasa Tbk,PT. Mitra Adiperkasa Tbk,509,High Risk,High Risk,0,0.91476744,0.039794892,0.045437627,0.91476744,0.8693298,0.3188189170897302,False,False,False,False
M512.JK,Company M512in Medical Instruments & Supplies,MARK.JK,Mark Dynamics Indonesia Tbk.,PT Mark Dynamics Indonesia Tbk,511,High Risk,High Risk,0,0.91476744,0.039794892,0.045437627,0.91476744,0.8693298,0.3188189170897302,False,False,False,False
M514.JK,Company M514in Banks - Regional,MASB.JK,Bank Multiarta Sentosa Tbk.,PT Bank Multiarta Sentosa Tbk,513,High Risk,High Risk,0,0.91476744,0.039794892,0.045437627,0.91476744,0.8693298,0.3188189170897302,False,False,False,False
M523.JK,Company M523in Banks - Regional,MCOR.JK,Bank China Construction Bank In,PT Bank China Construction Bank Indonesia Tbk,522,High Risk,High Risk,0,0.91476744,0.039794892,0.045437627,0.91476744,0.8693298,0.3188189170897302,False,False,False,False
M532.JK,Company M532in Banks - Regional,MEGA.JK,Bank Mega Tbk,PT Bank Mega Tbk,531,High Risk,High Risk,0,0.91476744,0.039794892,0.045437627,0.91476744,0.8693298,0.3188189170897302,False,False,False,False
M535.JK,Company M535in Drug Manufacturers - Specialty & Generic,MERK.JK,Merck Tbk,PT Merck Tbk,534,High Risk,High Risk,0,0.91476744,0.039794892,0.045437627,0.91476744,0.8693298,0.3188189170897302,False,False,False,False
M543.JK,Company M543in Grocery Stores,MIDI.JK,Midi Utama Indonesia Tbk.,PT Midi Utama Indonesia Tbk,542,High Risk,High Risk,0,0.91476744,0.039794892,0.045437627,0.91476744,0.8693298,0.3188189170897302,False,False,False,False
M544.JK,Company M544in Medical Care Facilities,MIKA.JK,Mitra Keluarga Karyasehat Tbk.,PT Mitra Keluarga Karyasehat Tbk,543,High Risk,High Risk,0,0.91476744,0.039794892,0.045437627,0.91476744,0.8693298,0.3188189170897302,False,False,False,False
M550.JK,Company M550in Real Estate Services,MKPI.JK,Metropolitan Kentjana Tbk,PT Metropolitan Kentjana Tbk,549,High Risk,High Risk,0,0.91476744,0.039794892,0.045437627,0.91476744,0.8693298,0.3188189170897302,False,False,False,False
M552.JK,Company M552in Beverages - Brewers,MLBI.JK,Multi Bintang Indonesia Tbk,PT Multi Bintang Indonesia Tbk,551,High Risk,High Risk,0,0.91476744,0.039794892,0.045437627,0.91476744,0.8693298,0.3188189170897302,False,False,False,False
M553.JK,Company M553in Building Products & Equipment,MLIA.JK,Mulia Industrindo Tbk,PT Mulia Industrindo Tbk,552,High Risk,High Risk,0,0.91476744,0.039794892,0.045437627,0.91476744,0.8693298,0.3188189170897302,False,False,False,False
M555.JK,Company M555in Information Technology Services,MLPT.JK,Multipolar Technology Tbk.,PT Multipolar Technology Tbk,554,High Risk,High Risk,0,0.91476744,0.039794892,0.045437627,0.91476744,0.8693298,0.3188189170897302,False,False,False,False
M561.JK,Company M561in Auto & Truck Dealerships,MPMX.JK,Mitra Pinasthika Mustika Tbk.,PT Mitra Pinasthika Mustika Tbk,560,High Risk,High Risk,0,0.91476744,0.039794892,0.045437627,0.91476744,0.8693298,0.3188189170897302,False,False,False,False
M569.JK,Company M569in Entertainment,MSIN.JK,MNC Digital Entertainment Tbk.,PT MNC Digital Entertainment Tbk,568,High Risk,High Risk,0,0.91476744,0.039794892,0.045437627,0.91476744,0.8693298,0.3188189170897302,False,False,False,False
M573.JK,Company M573in Electronics & Computer Distribution,MTDL.JK,Metrodata Electronics Tbk,PT Metrodata Electronics Tbk,572,High Risk,High Risk,0,0.91476744,0.039794892,0.045437627,0.91476744,0.8693298,0.3188189170897302,False,False,False,False
N598.JK,Company N598in Other Industrial Metals & Mining,NICL.JK,PAM Mineral Tbk.,PT PAM Mineral Tbk,597,High Risk,High Risk,0,0.91476744,0.039794892,0.045437627,0.91476744,0.8693298,0.3188189170897302,False,False,False,False
N603.JK,Company N603in Banks - Regional,NOBU.JK,Bank Nationalnobu Tbk.,PT Bank Nationalnobu Tbk,602,High Risk,High Risk,0,0.91476744,0.039794892,0.045437627,0.91476744,0.8693298,0.3188189170897302,False,False,False,False
O615.JK,Company O615in Medical Instruments & Supplies,OMED.JK,Jayamas Medica Industri Tbk.,PT Jayamas Medica Industri Tbk,614,High Risk,High Risk,0,0.91476744,0.039794892,0.045437627,0.91476744,0.8693298,0.3188189170897302,False,False,False,False
P627.JK,Company P627in Packaging & Containers,PBID.JK,Panca Budi Idaman Tbk.,PT Panca Budi Idaman Tbk,626,High Risk,High Risk,0,0.91476744,0.039794892,0.045437627,0.91476744,0.8693298,0.3188189170897302,False,False,False,False
P649.JK,Company P649in Banks - Regional,PNBN.JK,Bank Pan Indonesia Tbk,PT Bank Pan Indonesia Tbk,648,High Risk,High Risk,0,0.91476744,0.039794892,0.045437627,0.91476744,0.8693298,0.3188189170897302,False,False,False,False
P652.JK,Company P652in Insurance - Life,PNIN.JK,Paninvest Tbk,PT Paninvest Tbk,651,High Risk,High Risk,0,0.91476744,0.039794892,0.045437627,0.91476744,0.8693298,0.3188189170897302,False,False,False,False
P653.JK,Company P653in Insurance - Life,PNLF.JK,Panin Financial Tbk,PT Panin Financial Tbk,652,High Risk,High Risk,0,0.91476744,0.039794892,0.045437627,0.91476744,0.8693298,0.3188189170897302,False,False,False,False
P666.JK,Company P666in Medical Care Facilities,PRAY.JK,Famon Awal Bros Sedaya Tbk.,PT Famon Awal Bros Sedaya Tbk,665,High Risk,High Risk,0,0.91476744,0.039794892,0.045437627,0.91476744,0.8693298,0.3188189170897302,False,False,False,False
P667.JK,Company P667in Diagnostics & Research,PRDA.JK,Prodia Widyahusada Tbk.,PT Prodia Widyahusada Tbk,666,High Risk,High Risk,0,0.91476744,0.039794892,0.045437627,0.91476744,0.8693298,0.3188189170897302,False,False,False,False
P674.JK,Company P674in Thermal Coal,PTBA.JK,Bukit Asam Tbk.,PT Bukit Asam Tbk,673,High Risk,High Risk,0,0.91476744,0.039794892,0.045437627,0.91476744,0.8693298,0.3188189170897302,False,False,False,False
R707.JK,Company R707in Thermal Coal,RMKE.JK,RMK Energy Tbk.,PT RMK Energy Tbk,706,High Risk,High Risk,0,0.91476744,0.039794892,0.045437627,0.91476744,0.8693298,0.3188189170897302,False,False,False,False
R712.JK,Company R712in Packaged Foods,ROTI.JK,Nippon Indosari Corpindo Tbk.,PT Nippon Indosari Corpindo Tbk,711,High Risk,High Risk,0,0.91476744,0.039794892,0.045437627,0.91476744,0.8693298,0.3188189170897302,False,False,False,False
S720.JK,Company S720in Agricultural Inputs,SAMF.JK,Saraswanti Anugerah Makmur Tbk.,"PT Saraswanti Anugerah Makmur, Tbk",719,High Risk,High Risk,0,0.91476744,0.039794892,0.045437627,0.91476744,0.8693298,0.3188189170897302,False,False,False,False
S725.JK,Company S725in Broadcasting,SCMA.JK,Surya Citra Media Tbk,PT Surya Citra Media Tbk,724,High Risk,High Risk,0,0.91476744,0.039794892,0.045437627,0.91476744,0.8693298,0.3188189170897302,False,False,False,False
S729.JK,Company S729in Banks - Regional,SDRA.JK,Bank Woori Saudara Indonesia 19,PT Bank Woori Saudara Indonesia 1906 Tbk,728,High Risk,High Risk,0,0.91476744,0.039794892,0.045437627,0.91476744,0.8693298,0.3188189170897302,False,False,False,False
S737.JK,Company S737in Drug Manufacturers - Specialty & Generic,SIDO.JK,Industri Jamu dan Farmasi Sido ,PT Industri Jamu dan Farmasi Sido Muncul Tbk,736,High Risk,High Risk,0,0.91476744,0.039794892,0.045437627,0.91476744,0.8693298,0.3188189170897302,False,False,False,False
S738.JK,Company S738in Medical Care Facilities,SILO.JK,Siloam International Hospitals ,PT Siloam International Hospitals Tbk,737,High Risk,High Risk,0,0.91476744,0.039794892,0.045437627,0.91476744,0.8693298,0.3188189170897302,False,False,False,False
S743.JK,Company S743in Packaged Foods,SKLT.JK,Sekar Laut Tbk,PT Sekar Laut Tbk,742,High Risk,High Risk,0,0.91476744,0.039794892,0.045437627,0.91476744,0.8693298,0.3188189170897302,False,False,False,False
S760.JK,Company S760in Auto Parts,SMSM.JK,Selamat Sempurna Tbk,PT Selamat Sempurna Tbk,759,High Risk,High Risk,0,0.91476744,0.039794892,0.045437627,0.91476744,0.8693298,0.3188189170897302,False,False,False,False
S764.JK,Company S764in Medical Distribution,SOHO.JK,Soho Global Health Tbk.,PT Soho Global Health Tbk,763,High Risk,High Risk,0,0.91476744,0.039794892,0.045437627,0.91476744,0.8693298,0.3188189170897302,False,False,False,False
S772.JK,"Company S772in Furnishings, Fixtures & Appliances",SPTO.JK,Surya Pertiwi Tbk.,PT Surya Pertiwi Tbk,771,High Risk,High Risk,0,0.91476744,0.039794892,0.045437627,0.91476744,0.8693298,0.3188189170897302,False,False,False,False
S780.JK,Company S780in Farm Products,STAA.JK,Sumber Tani Agung Resources Tbk,PT Sumber Tani Agung Resources Tbk,779,High Risk,High Risk,0,0.91476744,0.039794892,0.045437627,0.91476744,0.8693298,0.3188189170897302,False,False,False,False
S783.JK,Company S783in Packaged Foods,STTP.JK,Siantar Top Tbk.,PT Siantar Top Tbk,782,High Risk,High Risk,0,0.91476744,0.039794892,0.045437627,0.91476744,0.8693298,0.3188189170897302,False,False,False,False
S785.JK,Company S785in Oil & Gas Equipment & Services,SUNI.JK,Sunindo Pratama Tbk.,PT Sunindo Pratama Tbk,784,High Risk,High Risk,0,0.91476744,0.039794892,0.045437627,0.91476744,0.8693298,0.3188189170897302,False,False,False,False
T794.JK,Company T794in Farm Products,TAPG.JK,Triputra Agro Persada Tbk.,PT Triputra Agro Persada Tbk,793,High Risk,High Risk,0,0.91476744,0.039794892,0.045437627,0.91476744,0.8693298,0.3188189170897302,False,False,False,False
T807.JK,Company T807in Food Distribution,TGKA.JK,Tigaraksa Satria Tbk,PT Tigaraksa Satria Tbk,806,High Risk,High Risk,0,0.91476744,0.039794892,0.045437627,0.91476744,0.8693298,0.3188189170897302,False,False,False,False
T815.JK,Company T815in Farm Products,TLDN.JK,Teladan Prima Agro Tbk.,PT Teladan Prima Agro Tbk,814,High Risk,High Risk,0,0.91476744,0.039794892,0.045437627,0.91476744,0.8693298,0.3188189170897302,False,False,False,False
T817.JK,Company T817in Marine Shipping,TMAS.JK,Temas Tbk.,PT Temas Tbk.,816,High Risk,High Risk,0,0.91476744,0.039794892,0.045437627,0.91476744,0.8693298,0.3188189170897302,False,False,False,False
T825.JK,Company T825in Engineering & Construction,TOTL.JK,Total Bangun Persada Tbk,PT Total Bangun Persada Tbk,824,High Risk,High Risk,0,0.91476744,0.039794892,0.045437627,0.91476744,0.8693298,0.3188189170897302,False,False,False,False
T826.JK,Company T826in Building Products & Equipment,TOTO.JK,Surya Toto Indonesia Tbk,PT Surya Toto Indonesia Tbk,825,High Risk,High Risk,0,0.91476744,0.039794892,0.045437627,0.91476744,0.8693298,0.3188189170897302,False,False,False,False
T841.JK,Company T841in Drug Manufacturers - Specialty & Generic,TSPC.JK,Tempo Scan Pacific Tbk,PT Tempo Scan Pacific Tbk,840,High Risk,High Risk,0,0.91476744,0.039794892,0.045437627,0.91476744,0.8693298,0.3188189170897302,False,False,False,False
U845.JK,Company U845in Household & Personal Products,UCID.JK,Uni-Charm Indonesia Tbk.,PT Uni-Charm Indonesia Tbk,844,High Risk,High Risk,0,0.91476744,0.039794892,0.045437627,0.91476744,0.8693298,0.3188189170897302,False,False,False,False
U848.JK,Company U848in Beverages - Non-Alcoholic,ULTJ.JK,Ultrajaya Milk Industry & Tradi,PT Ultrajaya Milk Industry & Trading Company Tbk,847,High Risk,High Risk,0,0.91476744,0.039794892,0.045437627,0.91476744,0.8693298,0.3188189170897302,False,False,False,False
U852.JK,Company U852in Other Industrial Metals & Mining,UNTR.JK,United Tractors Tbk,PT United Tractors Tbk,851,High Risk,High Risk,0,0.91476744,0.039794892,0.045437627,0.91476744,0.8693298,0.3188189170897302,False,False,False,False
U853.JK,Company U853in Household & Personal Products,UNVR.JK,Unilever Indonesia Tbk,PT Unilever Indonesia Tbk,852,High Risk,High Risk,0,0.91476744,0.039794892,0.045437627,0.91476744,0.8693298,0.3188189170897302,False,False,False,False
V858.JK,Company V858in Household & Personal Products,VICI.JK,Victoria Care Indonesia Tbk.,PT Victoria Care Indonesia Tbk,857,High Risk,High Risk,0,0.91476744,0.039794892,0.045437627,0.91476744,0.8693298,0.3188189170897302,False,False,False,False
W874.JK,Company W874in Tobacco,WIIM.JK,Wismilak Inti Makmur Tbk.,PT Wismilak Inti Makmur Tbk,873,High Risk,High Risk,0,0.91476744,0.039794892,0.045437627,0.91476744,0.8693298,0.3188189170897302,False,False,False,False
W881.JK,Company W881in Credit Services,WOMF.JK,Wahana Ottomitra Multiartha Tbk,PT Wahana Ottomitra Multiartha Tbk,880,High Risk,High Risk,0,0.91476744,0.039794892,0.045437627,0.91476744,0.8693298,0.3188189170897302,False,False,False,False
W885.JK,Company W885in ,WSKT.JK,"WSKT.JK,0P0000XQCT,0",PT Waskita Karya (Persero) Tbk,884,High Risk,High Risk,0,0.91476744,0.039794892,0.045437627,0.91476744,0.8693298,0.3188189170897302,False,False,False,False
E906.JK,Company E906in ,ENVY.JK,"ENVY.JK,0P0001HYU3,0",PT Envy Technologies Indonesia Tbk,905,High Risk,High Risk,0,0.91476744,0.039794892,0.045437627,0.91476744,0.8693298,0.3188189170897302,False,False,False,False
H911.JK,Company H911in ,HDTX.JK,"HDTX.JK,0P0000B9YK,0",,910,High Risk,High Risk,0,0.91476744,0.039794892,0.045437627,0.91476744,0.8693298,0.3188189170897302,False,False,False,False
L923.JK,Company L923in ,LAPD.JK,Leyand International Tbk,PT Leyand International Tbk,922,High Risk,High Risk,0,0.91476744,0.039794892,0.045437627,0.91476744,0.8693298,0.3188189170897302,False,False,False,False
M930.JK,Company M930in ,META.JK,"META.JK,0P0000ENQT,0",PT Nusantara Infrastructure Tbk,929,High Risk,High Risk,0,0.91476744,0.039794892,0.045437627,0.91476744,0.8693298,0.3188189170897302,False,False,False,False
P939.JK,Company P939in ,POSA.JK,"POSA.JK,0P0001HEPA,0",PT Bliss Properti Indonesia Tbk,938,High Risk,High Risk,0,0.91476744,0.039794892,0.045437627,0.91476744,0.8693298,0.3188189170897302,False,False,False,False
S946.JK,Company S946in ,SMRU.JK,"SMRU.JK,0P0000UBAV,0",PT SMR Utama Tbk,945,High Risk,High Risk,0,0.91476744,0.039794892,0.045437627,0.91476744,0.8693298,0.3188189170897302,False,False,False,False
T952.JK,Company T952in ,TRIO.JK,"TRIO.JK,0P0000KSHE,0",,951,High Risk,High Risk,0,0.91476744,0.039794892,0.045437627,0.91476744,0.8693298,0.3188189170897302,False,False,False,False
W954.JK,Company W954in ,WMPP.JK,"WMPP.JK,0P0001NZ4Y,0",PT Widodo Makmur Perkasa Tbk,953,High Risk,High Risk,0,0.91476744,0.039794892,0.045437627,0.91476744,0.8693298,0.3188189170897302,False,False,False,False
A051.JK,Company A051in Insurance - Life,APIC.JK,Pacific Strategic Financial Tbk,PT Pacific Strategic Financial Tbk,50,High Risk,High Risk,0,0.9143243,0.04000179,0.045673877,0.9143243,0.86865044,0.32005380344019824,False,False,False,False
A070.JK,Company A070in Conglomerates,ASII.JK,Astra International Tbk,PT Astra International Tbk,69,High Risk,High Risk,0,0.9143243,0.04000179,0.045673877,0.9143243,0.86865044,0.32005380344019824,False,False,False,False
B163.JK,Company B163in Tools & Accessories,BOLT.JK,Garuda Metalindo Tbk.,PT Garuda Metalindo Tbk,162,High Risk,High Risk,0,0.9143243,0.04000179,0.045673877,0.9143243,0.86865044,0.32005380344019824,False,False,False,False
C223.JK,Company C223in Entertainment,CNMA.JK,Nusantara Sejahtera Raya Tbk.,PT Nusantara Sejahtera Raya Tbk,222,High Risk,High Risk,0,0.9143243,0.04000179,0.045673877,0.9143243,0.86865044,0.32005380344019824,False,False,False,False
D253.JK,Company D253in Agricultural Inputs,DGWG.JK,Delta Giri Wacana Tbk.,,252,High Risk,High Risk,0,0.9143243,0.04000179,0.045673877,0.9143243,0.86865044,0.32005380344019824,False,False,False,False
D259.JK,Company D259in Real Estate - Development,DMAS.JK,Puradelta Lestari Tbk.,PT Puradelta Lestari Tbk,258,High Risk,High Risk,0,0.9143243,0.04000179,0.045673877,0.9143243,0.86865044,0.32005380344019824,False,False,False,False
F301.JK,Company F301in Farm Products,FAPA.JK,FAP Agri Tbk.,PT FAP Agri Tbk,300,High Risk,High Risk,0,0.9143243,0.04000179,0.045673877,0.9143243,0.86865044,0.32005380344019824,False,False,False,False
I379.JK,Company I379in Other Industrial Metals & Mining,IFSH.JK,Ifishdeco Tbk.,PT Ifishdeco Tbk,378,High Risk,High Risk,0,0.9143243,0.04000179,0.045673877,0.9143243,0.86865044,0.32005380344019824,False,False,False,False
I387.JK,Company I387in Building Products & Equipment,IMPC.JK,Impack Pratama Industri Tbk.,PT Impack Pratama Industri Tbk,386,High Risk,High Risk,0,0.9143243,0.04000179,0.045673877,0.9143243,0.86865044,0.32005380344019824,False,False,False,False
I419.JK,Company I419in Telecom Services,ISAT.JK,Indosat Tbk,PT Indosat Ooredoo Hutchison Tbk,418,High Risk,High Risk,0,0.9143243,0.04000179,0.045673877,0.9143243,0.86865044,0.32005380344019824,False,False,False,False
L496.JK,Company L496in Medical Care Facilities,LPKR.JK,Lippo Karawaci Tbk,PT Lippo Karawaci Tbk,495,High Risk,High Risk,0,0.9143243,0.04000179,0.045673877,0.9143243,0.86865044,0.32005380344019824,False,False,False,False
L498.JK,Company L498in Department Stores,LPPF.JK,Matahari Department Store Tbk.,PT Matahari Department Store Tbk,497,High Risk,High Risk,0,0.9143243,0.04000179,0.045673877,0.9143243,0.86865044,0.32005380344019824,False,False,False,False
M525.JK,Company M525in Department Stores,MDIY.JK,Daya Intiguna Yasa Tbk.,,524,High Risk,High Risk,0,0.9143243,0.04000179,0.045673877,0.9143243,0.86865044,0.32005380344019824,False,False,False,False
M572.JK,Company M572in Information Technology Services,MSTI.JK,Mastersystem Infotama Tbk.,,571,High Risk,High Risk,0,0.9143243,0.04000179,0.045673877,0.9143243,0.86865044,0.32005380344019824,False,False,False,False
M576.JK,Company M576in Real Estate Services,MTLA.JK,Metropolitan Land Tbk.,PT Metropolitan Land Tbk,575,High Risk,High Risk,0,0.9143243,0.04000179,0.045673877,0.9143243,0.86865044,0.32005380344019824,False,False,False,False
M583.JK,Company M583in Packaged Foods,MYOR.JK,Mayora Indah Tbk,PT Mayora Indah Tbk,582,High Risk,High Risk,0,0.9143243,0.04000179,0.045673877,0.9143243,0.86865044,0.32005380344019824,False,False,False,False
N591.JK,Company N591in Other Industrial Metals & Mining,NCKL.JK,Trimegah Bangun Persada Tbk.,PT Trimegah Bangun Persada Tbk,590,High Risk,High Risk,0,0.9143243,0.04000179,0.045673877,0.9143243,0.86865044,0.32005380344019824,False,False,False,False
P651.JK,Company P651in Farm Products,PNGO.JK,Pinago Utama Tbk.,PT PINAGO UTAMA Tbk,650,High Risk,High Risk,0,0.9143243,0.04000179,0.045673877,0.9143243,0.86865044,0.32005380344019824,False,False,False,False
R699.JK,Company R699in Real Estate Services,RDTX.JK,Roda Vivatex Tbk,PT Roda Vivatex Tbk,698,High Risk,High Risk,0,0.9143243,0.04000179,0.045673877,0.9143243,0.86865044,0.32005380344019824,False,False,False,False
T803.JK,Company T803in Infrastructure Operations,TEBE.JK,Dana Brata Luhur Tbk.,PT Dana Brata Luhur Tbk,802,High Risk,High Risk,0,0.9143243,0.04000179,0.045673877,0.9143243,0.86865044,0.32005380344019824,False,False,False,False
T811.JK,Company T811in Other Industrial Metals & Mining,TINS.JK,Timah Tbk.,PT TIMAH Tbk,810,High Risk,High Risk,0,0.9143243,0.04000179,0.045673877,0.9143243,0.86865044,0.32005380344019824,False,False,False,False
T816.JK,Company T816in Telecom Services,TLKM.JK,Telkom Indonesia (Persero) Tbk.,Perusahaan Perseroan (Persero) PT Telekomunikasi Indonesia Tbk,815,High Risk,High Risk,0,0.9143243,0.04000179,0.045673877,0.9143243,0.86865044,0.32005380344019824,False,False,False,False
E281.JK,Company E281in Information Technology Services,ELIT.JK,Data Sinergitama Jaya Tbk.,PT Data Sinergitama Jaya Tbk,280,High Risk,High Risk,0,0.9123167,0.040939126,0.046744123,0.9123167,0.8655726,0.32561974400745525,False,False,False,False
S777.JK,Company S777in Engineering & Construction,SSIA.JK,Surya Semesta Internusa Tbk,PT Surya Semesta Internusa Tbk,776,High Risk,High Risk,0,0.9037592,0.05047229,0.04576849,0.9037592,0.85328686,0.3489290987261218,False,False,False,False
B147.JK,Company B147in Electronics & Computer Distribution,BLUE.JK,Berkah Prima Perkasa Tbk.,PT Berkah Prima Perkasa Tbk,146,High Risk,High Risk,0,0.90230995,0.048156686,0.049533356,0.90230995,0.8527766,0.35288294863063857,False,False,False,False
G328.JK,Company G328in Electronics & Computer Distribution,GLVA.JK,Galva Technologies Tbk.,PT Galva Technologies Tbk,327,High Risk,High Risk,0,0.90230995,0.048156686,0.049533356,0.90230995,0.8527766,0.35288294863063857,False,False,False,False
F891.JK,Company F891in ,,,,890,High Risk,High Risk,0,0.90230995,0.048156686,0.049533356,0.90230995,0.8527766,0.35288294863063857,False,False,False,False
G910.JK,Company G910in ,GOTOM.JK,,,909,High Risk,High Risk,0,0.90230995,0.048156686,0.049533356,0.90230995,0.8527766,0.35288294863063857,False,False,False,False
B144.JK,Company B144in Building Materials,BLES.JK,Superior Prima Sukses Tbk.,,143,High Risk,High Risk,0,0.89984995,0.039315954,0.06083407,0.89984995,0.8390159,0.357270183367436,False,False,False,False
L485.JK,Company L485in Insurance - Life,LIFE.JK,MSIG Life Insurance Indonesia T,PT MSIG Life Insurance Indonesia Tbk,484,High Risk,High Risk,0,0.89921415,0.039468333,0.061317537,0.89921415,0.8378966,0.3588877266059955,False,False,False,False
S770.JK,Company S770in Paper & Paper Products,SPMA.JK,Suparma Tbk,PT Suparma Tbk,769,High Risk,High Risk,0,0.89921415,0.039468333,0.061317537,0.89921415,0.8378966,0.3588877266059955,False,False,False,False
A068.JK,Company A068in Specialty Business Services,ASGR.JK,Astra Graphia Tbk,PT Astra Graphia Tbk,67,High Risk,High Risk,0,0.89869905,0.039670028,0.06163091,0.89869905,0.83706814,0.36022634753324373,False,False,False,False
S732.JK,Company S732in Thermal Coal,SGER.JK,Sumber Global Energy Tbk.,PT Sumber Global Energy Tbk,731,High Risk,High Risk,0,0.89869905,0.039670028,0.06163091,0.89869905,0.83706814,0.36022634753324373,False,False,False,False
N590.JK,Company N590in Packaged Foods,NAYZ.JK,Hassana Boga Sejahtera Tbk.,PT Hassana Boga Sejahtera Tbk,589,High Risk,High Risk,0,0.89867383,0.039155632,0.062170513,0.89867383,0.8365033,0.3600763610073499,False,False,False,False
A036.JK,Company A036in Insurance - Property & Casualty,AMAG.JK,Asuransi Multi Artha Guna Tbk,PT Asuransi Multi Artha Guna Tbk,35,High Risk,High Risk,0,0.8980023,0.039415143,0.06258256,0.8980023,0.8354198,0.3618160310933636,False,False,False,False
A065.JK,Company A065in Banks - Regional,ARTO.JK,Bank Jago Tbk.,PT Bank Jago Tbk,64,High Risk,High Risk,0,0.8980023,0.039415143,0.06258256,0.8980023,0.8354198,0.3618160310933636,False,False,False,False
B151.JK,Company B151in Banks - Regional,BMRI.JK,Bank Mandiri (Persero) Tbk,PT Bank Mandiri (Persero) Tbk,150,High Risk,High Risk,0,0.8980023,0.039415143,0.06258256,0.8980023,0.8354198,0.3618160310933636,False,False,False,False
I393.JK,Company I393in Packaged Foods,INDF.JK,Indofood Sukses Makmur Tbk,PT Indofood Sukses Makmur Tbk,392,High Risk,High Risk,0,0.8980023,0.039415143,0.06258256,0.8980023,0.8354198,0.3618160310933636,False,False,False,False
P625.JK,Company P625in Capital Markets,PANS.JK,Panin Sekuritas Tbk,PT Panin Sekuritas Tbk,624,High Risk,High Risk,0,0.8980023,0.039415143,0.06258256,0.8980023,0.8354198,0.3618160310933636,False,False,False,False
C234.JK,Company C234in Farm Products,CSRA.JK,Cisadane Sawit Raya Tbk.,PT Cisadane Sawit Raya Tbk,233,High Risk,High Risk,0,0.89775497,0.042582948,0.059662137,0.89775497,0.8380928,0.36357300836033585,False,False,False,False
A080.JK,Company A080in Information Technology Services,ATIC.JK,Anabatic Technologies Tbk.,PT Anabatic Technologies Tbk,79,High Risk,High Risk,0,0.8974818,0.039616298,0.06290195,0.8974818,0.8345798,0.36316143383133226,False,False,False,False
N593.JK,Company N593in Farm Products,NEST.JK,Esta Indonesia Tbk.,,592,High Risk,High Risk,0,0.8974818,0.039616298,0.06290195,0.8974818,0.8345798,0.36316143383133226,False,False,False,False
M548.JK,Company M548in Oil & Gas Equipment & Services,MKAP.JK,Multikarya Asia Pasifik Raya Tb,,547,High Risk,High Risk,0,0.8947794,0.038885295,0.06633527,0.8947794,0.8284441,0.3692982943522809,False,False,False,False
R703.JK,Company R703in Oil & Gas Equipment & Services,RGAS.JK,Kian Santang Muliatama Tbk.,,702,High Risk,High Risk,0,0.8947794,0.038885295,0.06633527,0.8947794,0.8284441,0.3692982943522809,False,False,False,False
D276.JK,Company D276in Entertainment,DYAN.JK,Dyandra Media International Tbk,PT Dyandra Media International Tbk,275,High Risk,High Risk,0,0.8946209,0.038943887,0.06643523,0.8946209,0.8281857,0.36970211048982027,False,False,False,False
L494.JK,Company L494in Insurance - Diversified,LPGI.JK,Lippo General Insurance Tbk,PT Lippo General Insurance Tbk,493,High Risk,High Risk,0,0.8946209,0.038943887,0.06643523,0.8946209,0.8281857,0.36970211048982027,False,False,False,False
N596.JK,Company N596in Other Industrial Metals & Mining,NICE.JK,Adhi Kartiko Pratama Tbk.,,595,High Risk,High Risk,0,0.8946209,0.038943887,0.06643523,0.8946209,0.8281857,0.36970211048982027,False,False,False,False
S756.JK,Company S756in Specialty Chemicals,SMLE.JK,Sinergi Multi Lestarindo Tbk.,,755,High Risk,High Risk,0,0.89059144,0.043913394,0.065495156,0.89059144,0.8250963,0.38136348827814537,False,False,False,False
B115.JK,Company B115in Real Estate - Development,BCIP.JK,Bumi Citra Permai Tbk.,PT Bumi Citra Permai Tbk,114,High Risk,High Risk,0,0.88761896,0.050014492,0.06236658,0.88761896,0.82525235,0.3902023849535845,False,False,False,False
D270.JK,Company D270in Farm Products,DSFI.JK,Dharma Samudera Fishing Industr,PT Dharma Samudera Fishing Industries Tbk,269,High Risk,High Risk,0,0.8869196,0.040529747,0.07255068,0.8869196,0.81436896,0.3883924010540211,False,False,False,False
A069.JK,Company A069in Farm Products,ASHA.JK,Cilacap Samudera Fishing Indust,PT Cilacap Samudera Fishing Industry Tbk,68,High Risk,High Risk,0,0.8866693,0.04033336,0.07299737,0.8866693,0.8136719,0.3888570364701016,False,False,False,False
B090.JK,Company B090in Banks - Regional,BACA.JK,Bank Capital Indonesia Tbk.,PT Bank Capital Indonesia Tbk,89,High Risk,High Risk,0,0.8864853,0.03801204,0.075502716,0.8864853,0.8109826,0.3879210652089488,False,False,False,False
D262.JK,Company D262in Banks - Regional,DNAR.JK,Bank Oke Indonesia Tbk.,PT Bank Oke Indonesia Tbk,261,High Risk,High Risk,0,0.8864853,0.03801204,0.075502716,0.8864853,0.8109826,0.3879210652089488,False,False,False,False
I380.JK,Company I380in Packaging & Containers,IGAR.JK,Champion Pacific Indonesia Tbk.,PT Champion Pacific Indonesia Tbk,379,High Risk,High Risk,0,0.8864853,0.03801204,0.075502716,0.8864853,0.8109826,0.3879210652089488,False,False,False,False
S757.JK,Company S757in Insurance - Diversified,SMMA.JK,Sinarmas Multiartha Tbk.,PT Sinar Mas Multiartha Tbk,756,High Risk,High Risk,0,0.8859734,0.03856745,0.07545912,0.8859734,0.8105143,0.38941173433254983,False,False,False,False
B126.JK,Company B126in Credit Services,BFIN.JK,BFI Finance  Indonesia Tbk,PT BFI Finance Indonesia Tbk,125,High Risk,High Risk,0,0.88558674,0.03797351,0.07643977,0.88558674,0.809147,0.3899057756799143,False,False,False,False
B143.JK,Company B143in Banks - Regional,BKSW.JK,Bank QNB Indonesia Tbk.,PT Bank QNB Indonesia Tbk,142,High Risk,High Risk,0,0.88558674,0.03797351,0.07643977,0.88558674,0.809147,0.3899057756799143,False,False,False,False
B157.JK,Company B157in Banks - Regional,BNII.JK,Bank Maybank Indonesia Tbk.,PT Bank Maybank Indonesia Tbk,156,High Risk,High Risk,0,0.88558674,0.03797351,0.07643977,0.88558674,0.809147,0.3899057756799143,False,False,False,False
I915.JK,Company I915in ,IIKP.JK,"IIKP.JK,0P0000EKWR,0",PT Inti Agri Resources Tbk,914,High Risk,High Risk,0,0.88558674,0.03797351,0.07643977,0.88558674,0.809147,0.3899057756799143,False,False,False,False
N605.JK,Company N605in Engineering & Construction,NRCA.JK,Nusa Raya Cipta Tbk.,PT Nusa Raya Cipta Tbk,604,High Risk,High Risk,0,0.88539934,0.038761638,0.07583906,0.88539934,0.8095603,0.3908160031875722,False,False,False,False
A043.JK,Company A043in Asset Management,AMOR.JK,Ashmore Asset Management Indone,PT Ashmore Asset Management Indonesia Tbk,42,High Risk,High Risk,0,0.88501096,0.038164623,0.07682447,0.88501096,0.8081865,0.3913099902804508,False,False,False,False
K463.JK,Company K463in Food Distribution,KMDS.JK,Kurniamitra Duta Sentosa Tbk.,"PT Kurniamitra Duta Sentosa, Tbk",462,High Risk,High Risk,0,0.8848943,0.047649823,0.0674558,0.8848943,0.8174385,0.3960735070032625,False,False,False,False
J427.JK,Company J427in Information Technology Services,JATI.JK,Informasi Teknologi Indonesia T,PT Informasi Teknologi Indonesia Tbk,426,High Risk,High Risk,0,0.883325,0.039070286,0.07760468,0.883325,0.8057203,0.3956225708448373,False,False,False,False
D251.JK,Company D251in Engineering & Construction,DGIK.JK,Nusa Konstruksi Enjiniring Tbk.,PT Nusa Konstruksi Enjiniring Tbk,250,High Risk,High Risk,0,0.88311017,0.037694477,0.079195306,0.88311017,0.80391484,0.3952016645442824,False,False,False,False
O612.JK,Company O612in Packaged Foods,OILS.JK,Indo Oil Perkasa Tbk.,PT Indo Oil Perkasa Tbk,611,High Risk,High Risk,0,0.8825855,0.037567552,0.079846926,0.8825855,0.8027386,0.3962647811928225,False,False,False,False
P670.JK,Company P670in Packaged Foods,PSDN.JK,Prasidha Aneka Niaga Tbk,PT Prasidha Aneka Niaga Tbk,669,High Risk,High Risk,0,0.8825855,0.037567552,0.079846926,0.8825855,0.8027386,0.3962647811928225,False,False,False,False
A086.JK,Company A086in Farm Products,AYAM.JK,Janu Putra Sejahtera Tbk.,,85,High Risk,High Risk,0,0.8824349,0.040324807,0.07724025,0.8824349,0.8051947,0.3983573767087291,False,False,False,False
N588.JK,Company N588in Farm Products,NASI.JK,Wahana Inti Makmur Tbk.,PT Wahana Inti Makmur Tbk,587,High Risk,High Risk,0,0.8824349,0.040324807,0.07724025,0.8824349,0.8051947,0.3983573767087291,False,False,False,False
A085.JK,Company A085in Computer Hardware,AXIO.JK,Tera Data Indonusa Tbk.,PT Tera Data Indonusa Tbk,84,High Risk,High Risk,0,0.8813672,0.053198844,0.065433994,0.8813672,0.8159332,0.4057755925472024,False,False,False,False
L479.JK,Company L479in Medical Devices,LABS.JK,UBC Medical Indonesia Tbk.,,478,High Risk,High Risk,0,0.88134116,0.0470683,0.07159051,0.88134116,0.8097507,0.4040916146908252,False,False,False,False
R714.JK,Company R714in Medical Care Facilities,RSGK.JK,Kedoya Adyaraya Tbk.,PT Kedoya Adyaraya Tbk,713,High Risk,High Risk,0,0.88122916,0.03800154,0.08076931,0.88122916,0.80045986,0.39952108117387514,False,False,False,False
V859.JK,Company V859in Asset Management,VICO.JK,Victoria Investama Tbk.,PT Victoria Investama Tbk,858,High Risk,High Risk,0,0.88122916,0.03800154,0.08076931,0.88122916,0.80045986,0.39952108117387514,False,False,False,False
P623.JK,Company P623in Real Estate - Development,PANI.JK,Pantai Indah Kapuk Dua Tbk.,PT Pantai Indah Kapuk Dua Tbk,622,High Risk,High Risk,0,0.88089025,0.037599724,0.08150995,0.88089025,0.7993803,0.39997730714466223,False,False,False,False
W870.JK,Company W870in Software - Infrastructure,WGSH.JK,Wira Global Solusi Tbk.,PT Wira Global Solusi Tbk,869,High Risk,High Risk,0,0.8806565,0.03769861,0.08164486,0.8806565,0.7990116,0.40055321851104414,False,False,False,False
O610.JK,Company O610in Packaged Foods,OBAT.JK,Brigit Biofarmaka Teknologi Tbk,,609,High Risk,High Risk,0,0.880257,0.03746844,0.082274556,0.880257,0.79798245,0.4012532370136105,False,False,False,False
W867.JK,Company W867in Packaged Foods,WAPO.JK,Wahana Pronatural Tbk.,PT Wahana Pronatural Tbk,866,High Risk,High Risk,0,0.880257,0.03746844,0.082274556,0.880257,0.79798245,0.4012532370136105,False,False,False,False
B098.JK,Company B098in Building Materials,BATR.JK,Benteng Api Technic Tbk.,,97,High Risk,High Risk,0,0.8798815,0.037943423,0.08217505,0.8798815,0.7977064,0.402400529496813,False,False,False,False
C217.JK,Company C217in Specialty Chemicals,CLPI.JK,Colorpak Indonesia Tbk,PT Colorpak Indonesia Tbk,216,High Risk,High Risk,0,0.8798815,0.037943423,0.08217505,0.8798815,0.7977064,0.402400529496813,False,False,False,False
B114.JK,Company B114in Banks - Regional,BCIC.JK,Bank JTrust Indonesia Tbk.,PT Bank JTrust Indonesia Tbk,113,High Risk,High Risk,0,0.87947977,0.037711646,0.08280859,0.87947977,0.79667115,0.40310160596185174,False,False,False,False
B148.JK,Company B148in Banks - Regional,BMAS.JK,Bank Maspion Indonesia Tbk.,PT Bank Maspion Indonesia Tbk,147,High Risk,High Risk,0,0.87947977,0.037711646,0.08280859,0.87947977,0.79667115,0.40310160596185174,False,False,False,False
M516.JK,Company M516in Banks - Regional,MAYA.JK,Bank Mayapada Internasional Tbk,PT Bank Mayapada Internasional Tbk,515,High Risk,High Risk,0,0.87947977,0.037711646,0.08280859,0.87947977,0.79667115,0.40310160596185174,False,False,False,False
N602.JK,Company N602in Banks - Regional,NISP.JK,Bank OCBC NISP Tbk,PT Bank OCBC NISP Tbk,601,High Risk,High Risk,0,0.87947977,0.037711646,0.08280859,0.87947977,0.79667115,0.40310160596185174,False,False,False,False
R694.JK,Company R694in Department Stores,RALS.JK,Ramayana Lestari Sentosa Tbk,PT Ramayana Lestari Sentosa Tbk,693,High Risk,High Risk,0,0.87947977,0.037711646,0.08280859,0.87947977,0.79667115,0.40310160596185174,False,False,False,False
M542.JK,Company M542in Household & Personal Products,MICE.JK,Multi Indocitra Tbk,PT Multi Indocitra Tbk,541,High Risk,High Risk,0,0.8794189,0.037218332,0.08336273,0.8794189,0.79605615,0.40287463232065923,False,False,False,False
W869.JK,Company W869in Railroads,WEHA.JK,WEHA Transportasi Indonesia Tbk,PT WEHA Transportasi Indonesia Tbk,868,High Risk,High Risk,0,0.8794189,0.037218332,0.08336273,0.8794189,0.79605615,0.40287463232065923,False,False,False,False
C198.JK,Company C198in Insurance - Life,CASA.JK,Capital Financial Indonesia Tbk,PT Capital Financial Indonesia Tbk,197,High Risk,High Risk,0,0.8788774,0.037900124,0.083222464,0.8788774,0.79565495,0.4045304792261679,False,False,False,False
T832.JK,Company T832in Capital Markets,TRIM.JK,Trimegah Sekuritas Indonesia Tb,PT Trimegah Sekuritas Indonesia Tbk,831,High Risk,High Risk,0,0.8788774,0.037900124,0.083222464,0.8788774,0.79565495,0.4045304792261679,False,False,False,False
I375.JK,Company I375in Oil & Gas Equipment & Services,ICON.JK,Island Concepts Indonesia Tbk.,PT Island Concepts Indonesia Tbk,374,High Risk,High Risk,0,0.8788177,0.03585553,0.08532685,0.8788177,0.7934908,0.40311969983285395,False,False,False,False
M560.JK,Company M560in Software - Infrastructure,MPIX.JK,Mitra Pedagang Indonesia Tbk.,,559,High Risk,High Risk,0,0.8786266,0.03739904,0.083974406,0.8786266,0.79465216,0.40470379518094013,False,False,False,False
T797.JK,Company T797in Packaged Foods,TAYS.JK,Jaya Swarasa Agung Tbk.,PT Jaya Swarasa Agung Tbk,796,High Risk,High Risk,0,0.8786266,0.03739904,0.083974406,0.8786266,0.79465216,0.40470379518094013,False,False,False,False
A071.JK,Company A071in Insurance - Property & Casualty,ASJT.JK,Asuransi Jasa Tania Tbk,PT Asuransi Jasa Tania Tbk,70,High Risk,High Risk,0,0.8786053,0.040149808,0.08124488,0.8786053,0.7973604,0.4066437728283934,False,False,False,False
A004.JK,Company A004in Publishing,ABBA.JK,Mahaka Media Tbk.,PT Mahaka Media Tbk,3,High Risk,High Risk,0,0.8780324,0.036087885,0.08587979,0.8780324,0.7921526,0.4049674448545089,False,False,False,False
S751.JK,Company S751in Other Industrial Metals & Mining,SMGA.JK,Sumber Mineral Global Abadi Tbk,,750,High Risk,High Risk,0,0.8780324,0.036087885,0.08587979,0.8780324,0.7921526,0.4049674448545089,False,False,False,False
B128.JK,Company B128in Insurance - Life,BHAT.JK,Bhakti Multi Artha Tbk.,PT Bhakti Multi Artha Tbk,127,High Risk,High Risk,0,0.87790954,0.03792889,0.0841616,0.87790954,0.79374796,0.4066224236882454,False,False,False,False
A072.JK,Company A072in Auto & Truck Dealerships,ASLC.JK,Autopedia Sukses Lestari Tbk.,PT Autopedia Sukses Lestari Tbk,71,High Risk,High Risk,0,0.8778402,0.037641343,0.08451846,0.8778402,0.7933217,0.40656005815686,False,False,False,False
J434.JK,Company J434in Insurance - Life,JMAS.JK,Asuransi Jiwa Syariah Jasa Mitr,PT Asuransi Jiwa Syariah Jasa Mitra Abadi Tbk,433,High Risk,High Risk,0,0.8778402,0.037641343,0.08451846,0.8778402,0.7933217,0.40656005815686,False,False,False,False
M549.JK,Company M549in Communication Equipment,MKNT.JK,Mitra Komunikasi Nusantara Tbk.,PT Mitra Komunikasi Nusantara Tbk,548,High Risk,High Risk,0,0.8778402,0.037641343,0.08451846,0.8778402,0.7933217,0.40656005815686,False,False,False,False
P684.JK,Company P684in Restaurants,PTSP.JK,Pioneerindo Gourmet Internation,PT Pioneerindo Gourmet International Tbk,683,High Risk,High Risk,0,0.8778402,0.037641343,0.08451846,0.8778402,0.7933217,0.40656005815686,False,False,False,False
C225.JK,Company C225in Thermal Coal,COAL.JK,Black Diamond Resources Tbk.,PT Black Diamond Resources Tbk,224,High Risk,High Risk,0,0.8776576,0.04537213,0.07697032,0.8776576,0.80068725,0.4116469587420663,False,False,False,False
K445.JK,Company K445in Entertainment,KBLV.JK,First Media Tbk.,PT First Media Tbk,444,High Risk,High Risk,0,0.8774734,0.03670151,0.085825115,0.8774734,0.79164827,0.4066296124076091,False,False,False,False
W883.JK,Company W883in Oil & Gas Equipment & Services,WOWS.JK,Ginting Jaya Energi Tbk.,PT Ginting Jaya Energi Tbk,882,High Risk,High Risk,0,0.8772816,0.037102792,0.085615575,0.8772816,0.79166603,0.40734343867680234,False,False,False,False
B183.JK,Company B183in Food Distribution,BUAH.JK,Segar Kumala Indonesia Tbk.,PT Segar Kumala Indonesia Tbk,182,High Risk,High Risk,0,0.87723076,0.037829116,0.08494005,0.87723076,0.7922907,0.40799503505082463,False,False,False,False
I414.JK,Company I414in Packaged Foods,IPPE.JK,Indo Pureco Pratama Tbk.,PT Indo Pureco Pratama Tbk,413,High Risk,High Risk,0,0.87723076,0.037829116,0.08494005,0.87723076,0.7922907,0.40799503505082463,False,False,False,False
M567.JK,Company M567in Insurance - Reinsurance,MREI.JK,Maskapai Reasuransi Indonesia T,PT Maskapai Reasuransi Indonesia Tbk,566,High Risk,High Risk,0,0.87710035,0.03715761,0.08574207,0.87710035,0.7913583,0.407769010863133,False,False,False,False
I382.JK,Company I382in Farm Products,IKAN.JK,Era Mandiri Cemerlang Tbk.,PT Era Mandiri Cemerlang Tbk,381,High Risk,High Risk,0,0.87662905,0.038005896,0.08536508,0.87662905,0.791264,0.4094025591749928,False,False,False,False
B113.JK,Company B113in Financial Conglomerates,BCAP.JK,MNC Kapital Indonesia Tbk.,PT MNC Kapital Indonesia Tbk,112,High Risk,High Risk,0,0.8764878,0.037342805,0.086169414,0.8764878,0.79031837,0.4092048558288698,False,False,False,False
A066.JK,Company A066in Insurance - Diversified,ASBI.JK,Asuransi Bintang Tbk,PT Asuransi Bintang Tbk,65,High Risk,High Risk,0,0.87602943,0.037439752,0.08653084,0.87602943,0.78949857,0.41024553824754656,False,False,False,False
D243.JK,Company D243in Telecom Services,DATA.JK,Remala Abadi Tbk.,,242,High Risk,High Risk,0,0.87512046,0.036578357,0.08830117,0.87512046,0.7868193,0.4114780102733981,False,False,False,False
B088.JK,Company B088in Banks - Regional,BABP.JK,Bank MNC Internasional Tbk.,PT Bank MNC Internasional Tbk,87,High Risk,High Risk,0,0.87492704,0.036363486,0.08870947,0.87492704,0.7862176,0.4117080221657934,False,False,False,False
G330.JK,Company G330in Real Estate - Development,GMTD.JK,Gowa Makassar Tourism Developme,PT Gowa Makassar Tourism Development Tbk,329,High Risk,High Risk,0,0.8745065,0.047525443,0.077968106,0.8745065,0.79653835,0.41960701412986184,False,False,False,False
A067.JK,Company A067in Insurance - Diversified,ASDM.JK,Asuransi Dayin MitraTbk,PT Asuransi Dayin Mitra Tbk,66,High Risk,High Risk,0,0.8740227,0.036087804,0.08988947,0.8740227,0.78413326,0.41335974573038403,False,False,False,False
A074.JK,Company A074in Insurance - Property & Casualty,ASMI.JK,Asuransi Maximus Graha Persada ,PT Asuransi Maximus Graha Persada Tbk,73,High Risk,High Risk,0,0.8740227,0.036087804,0.08988947,0.8740227,0.78413326,0.41335974573038403,False,False,False,False
B094.JK,Company B094in Banks - Regional,BANK.JK,Bank Aladin Syariah Tbk.,PT Bank Aladin Syariah Tbk,93,High Risk,High Risk,0,0.8740227,0.036087804,0.08988947,0.8740227,0.78413326,0.41335974573038403,False,False,False,False
B104.JK,Company B104in Credit Services,BBLD.JK,Buana Finance Tbk,PT Buana Finance Tbk,103,High Risk,High Risk,0,0.8740227,0.036087804,0.08988947,0.8740227,0.78413326,0.41335974573038403,False,False,False,False
B154.JK,Company B154in Banks - Regional,BNBA.JK,Bank Bumi Arta Tbk,PT Bank Bumi Arta Tbk,153,High Risk,High Risk,0,0.8740227,0.036087804,0.08988947,0.8740227,0.78413326,0.41335974573038403,False,False,False,False
B164.JK,Company B164in Credit Services,BPFI.JK,Woori Finance Indonesia Tbk.,PT Woori Finance Indonesia Tbk,163,High Risk,High Risk,0,0.8740227,0.036087804,0.08988947,0.8740227,0.78413326,0.41335974573038403,False,False,False,False
B178.JK,Company B178in Banks - Regional,BSWD.JK,Bank Of India Indonesia Tbk.,PT Bank of India Indonesia Tbk,177,High Risk,High Risk,0,0.8740227,0.036087804,0.08988947,0.8740227,0.78413326,0.41335974573038403,False,False,False,False
I402.JK,Company I402in Banks - Regional,INPC.JK,Bank Artha Graha Internasional ,PT Bank Artha Graha Internasional Tbk,401,High Risk,High Risk,0,0.8740227,0.036087804,0.08988947,0.8740227,0.78413326,0.41335974573038403,False,False,False,False
K469.JK,Company K469in Specialty Retail,KONI.JK,Perdana Bangun Pusaka Tbk,PT Perdana Bangun Pusaka Tbk,468,High Risk,High Risk,0,0.8740227,0.036087804,0.08988947,0.8740227,0.78413326,0.41335974573038403,False,False,False,False
S766.JK,Company S766in Travel Services,SONA.JK,Sona Topas Tourism Industry Tbk,PT Sona Topas Tourism Industry Tbk,765,High Risk,High Risk,0,0.8740227,0.036087804,0.08988947,0.8740227,0.78413326,0.41335974573038403,False,False,False,False
B127.JK,Company B127in Banks - Regional,BGTG.JK,Bank Ganesha Tbk.,PT Bank Ganesha Tbk,126,High Risk,High Risk,0,0.8738147,0.036317255,0.08986807,0.8738147,0.78394663,0.4139803899202781,False,False,False,False
B133.JK,Company B133in Banks - Regional,BINA.JK,Bank Ina Perdana Tbk.,PT Bank Ina Perdana Tbk,132,High Risk,High Risk,0,0.8738147,0.036317255,0.08986807,0.8738147,0.78394663,0.4139803899202781,False,False,False,False
A077.JK,Company A077in Insurance - Property & Casualty,ASRM.JK,Asuransi Ramayana Tbk,PT Asuransi Ramayana Tbk,76,High Risk,High Risk,0,0.873397,0.03626704,0.09033592,0.873397,0.7830611,0.41480245388856996,False,False,False,False
D244.JK,Company D244in Specialty Retail,DAYA.JK,Duta Intidaya Tbk.,PT Duta Intidaya Tbk,243,High Risk,High Risk,0,0.873397,0.03626704,0.09033592,0.873397,0.7830611,0.41480245388856996,False,False,False,False
D275.JK,Company D275in Thermal Coal,DWGL.JK,Dwi Guna Laksana Tbk.,PT Dwi Guna Laksana Tbk,274,High Risk,High Risk,0,0.873397,0.03626704,0.09033592,0.873397,0.7830611,0.41480245388856996,False,False,False,False
E292.JK,Company E292in Specialty Retail,ERAA.JK,Erajaya Swasembada Tbk.,PT Erajaya Swasembada Tbk,291,High Risk,High Risk,0,0.873397,0.03626704,0.09033592,0.873397,0.7830611,0.41480245388856996,False,False,False,False
F306.JK,Company F306in Thermal Coal,FIRE.JK,Alfa Energi Investama Tbk.,PT Alfa Energi Investama Tbk,305,High Risk,High Risk,0,0.873397,0.03626704,0.09033592,0.873397,0.7830611,0.41480245388856996,False,False,False,False
I396.JK,Company I396in Auto Parts,INDS.JK,Indospring Tbk,PT Indospring Tbk,395,High Risk,High Risk,0,0.873397,0.03626704,0.09033592,0.873397,0.7830611,0.41480245388856996,False,False,False,False
K474.JK,Company K474in Asset Management,KREN.JK,Quantum Clovera Investama Tbk.,PT Quantum Clovera Investama Tbk,473,High Risk,High Risk,0,0.873397,0.03626704,0.09033592,0.873397,0.7830611,0.41480245388856996,False,False,False,False
N585.JK,Company N585in Building Materials,NAIK.JK,Adiwarna Anugerah Abadi Tbk.,,584,High Risk,High Risk,0,0.873397,0.03626704,0.09033592,0.873397,0.7830611,0.41480245388856996,False,False,False,False
A042.JK,Company A042in Farm Products,AMMS.JK,Agung Menjangan Mas Tbk.,PT Agung Menjangan Mas Tbk,41,High Risk,High Risk,0,0.8731881,0.036497585,0.09031431,0.8731881,0.78287375,0.4154247799675227,False,False,False,False
G340.JK,Company G340in Insurance - Diversified,GSMF.JK,Equity Development Investment T,PT Equity Development Investment Tbk,339,High Risk,High Risk,0,0.8728383,0.0368836,0.09027813,0.8728383,0.78256017,0.4164636177336835,False,False,False,False
S726.JK,Company S726in Consumer Electronics,SCNP.JK,Selaras Citra Nusantara Perkasa,PT Selaras Citra Nusantara Perkasa Tbk,725,High Risk,High Risk,0,0.8727941,0.045536116,0.08166978,0.8727941,0.79112434,0.4223597239740557,False,False,False,False
D249.JK,Company D249in Farm Products,DEWI.JK,Dewi Shri Farmindo Tbk.,PT Dewi Shri Farmindo Tbk.,248,High Risk,High Risk,0,0.87228686,0.04250941,0.08520372,0.87228686,0.78708315,0.4216816785382236,False,False,False,False
T836.JK,Company T836in Information Technology Services,TRON.JK,Teknologi Karya Digital Nusa Tb,PT Teknologi Karya Digital Nusa Tbk,835,High Risk,High Risk,0,0.8705662,0.03707797,0.09235581,0.8705662,0.7782104,0.4212895271151234,False,False,False,False
C210.JK,Company C210in Specialty Chemicals,CHEM.JK,Chemstar Indonesia Tbk.,PT Chemstar Indonesia Tbk,209,High Risk,High Risk,0,0.8696476,0.042160872,0.08819154,0.8696476,0.7814561,0.4269970718902238,False,False,False,False
Z896.JK,Company Z896in Computer Hardware,ZYRX.JK,Zyrexindo Mandiri Buana Tbk.,PT Zyrexindo Mandiri Buana Tbk,895,High Risk,High Risk,0,0.8688304,0.04532932,0.08584028,0.8688304,0.7829901,0.43069302309666274,False,False,False,False
I390.JK,Company I390in Specialty Chemicals,INCF.JK,Indo Komoditi Korpora Tbk.,PT Indo Komoditi Korpora Tbk,389,High Risk,High Risk,0,0.8672395,0.040234473,0.09252607,0.8672395,0.7747134,0.4305803365297315,False,False,False,False
K458.JK,Company K458in Specialty Chemicals,KKES.JK,Kusuma Kemindo Sentosa Tbk.,PT Kusuma Kemindo Sentosa Tbk,457,High Risk,High Risk,0,0.8672395,0.040234473,0.09252607,0.8672395,0.7747134,0.4305803365297315,False,False,False,False
M556.JK,Company M556in Pharmaceutical Retailers,MMIX.JK,Multi Medika Internasional Tbk.,PT Multi Medika Internasional Tbk,555,High Risk,High Risk,0,0.866765,0.04547871,0.08775634,0.866765,0.7790087,0.4351096908919869,False,False,False,False
M547.JK,Company M547in Marine Shipping,MITI.JK,Mitra Investindo Tbk,PT Mitra Investindo Tbk,546,High Risk,High Risk,0,0.8664635,0.046318818,0.087217696,0.8664635,0.7792458,0.43623227045692403,False,False,False,False
P635.JK,Company P635in Pharmaceutical Retailers,PEVE.JK,Penta Valent Tbk.,PT. Penta Valent Tbk,634,High Risk,High Risk,0,0.86636657,0.045200773,0.088432655,0.86636657,0.7779339,0.43577070041928917,False,False,False,False
M575.JK,Company M575in Oil & Gas E&P,MTFN.JK,Capitalinc Investment Tbk,PT Capitalinc Investment Tbk,574,High Risk,High Risk,0,0.86347806,0.048194397,0.08832756,0.86347806,0.77515054,0.44350684754433783,False,False,False,False
S781.JK,Company S781in Asset Management,STAR.JK,Buana Artha Anugerah Tbk.,PT Buana Artha Anugerah Tbk,780,High Risk,High Risk,0,0.86332077,0.047591966,0.08908724,0.86332077,0.7742335,0.44349461315779815,False,False,False,False
J438.JK,Company J438in Real Estate Services,JSPT.JK,Jakarta Setiabudi Internasional,PT Jakarta Setiabudi Internasional Tbk,437,High Risk,High Risk,0,0.8631444,0.08957583,0.04727977,0.8631444,0.7735686,0.4436789156459375,False,False,False,False
A023.JK,Company A023in Insurance - Property & Casualty,AHAP.JK,Asuransi Harta Aman Pratama Tbk,PT Asuransi Harta Aman Pratama Tbk,22,High Risk,High Risk,0,0.86292815,0.03687983,0.10019207,0.86292815,0.7627361,0.436397366857103,False,False,False,False
G344.JK,Company G344in Farm Products,GULA.JK,Aman Agrindo Tbk.,PT Aman Agrindo Tbk,343,High Risk,High Risk,0,0.86292815,0.03687983,0.10019207,0.86292815,0.7627361,0.436397366857103,False,False,False,False
Y888.JK,Company Y888in Insurance - Diversified,YOII.JK,Asuransi Digital Bersama Tbk.,,887,High Risk,High Risk,0,0.86292815,0.03687983,0.10019207,0.86292815,0.7627361,0.436397366857103,False,False,False,False
I422.JK,Company I422in Tobacco,ITIC.JK,Indonesian Tobacco Tbk.,PT Indonesian Tobacco Tbk,421,High Risk,High Risk,0,0.8623541,0.041499536,0.09614639,0.8623541,0.7662077,0.4413964836843436,False,False,False,False
T840.JK,Company T840in Credit Services,TRUS.JK,Trust Finance Indonesia Tbk,PT Trust Finance Indonesia Tbk,839,High Risk,High Risk,0,0.8622459,0.036329936,0.10142416,0.8622459,0.76082176,0.43722333714836986,False,False,False,False
H355.JK,Company H355in Airports & Air Services,HELI.JK,Jaya Trishindo Tbk.,PT Jaya Trishindo Tbk,354,High Risk,High Risk,0,0.861465,0.048411008,0.09012401,0.861465,0.77134097,0.44778484087404996,False,False,False,False
P647.JK,Company P647in Auto & Truck Dealerships,PMJS.JK,Putra Mandiri Jembar Tbk.,PT Putra Mandiri Jembar Tbk,646,High Risk,High Risk,0,0.86015207,0.03563125,0.10421666,0.86015207,0.75593543,0.4406063213536808,False,False,False,False
G339.JK,Company G339in Beverages - Non-Alcoholic,GRPM.JK,Graha Prima Mentari Tbk.,PT Graha Prima Mentari Tbk,338,High Risk,High Risk,0,0.8593082,0.050911304,0.08978049,0.8593082,0.7695277,0.45357010520000685,False,False,False,False
E300.JK,Company E300in Telecom Services,EXCL.JK,XLSMART Telecom Sejahtera Tbk.,PT XLSMART Telecom Sejahtera Tbk,299,High Risk,High Risk,0,0.85914594,0.09219294,0.04866112,0.85914594,0.766953,0.4526666595030694,False,False,False,False
S778.JK,Company S778in Farm Products,SSMS.JK,Sawit Sumbermas Sarana Tbk.,PT Sawit Sumbermas Sarana Tbk.,777,High Risk,High Risk,0,0.85914594,0.09219294,0.04866112,0.85914594,0.766953,0.4526666595030694,False,False,False,False
L489.JK,Company L489in Oil & Gas Refining & Marketing,LMAX.JK,Lupromax Pelumas Indonesia Tbk.,PT Lupromax Pelumas Indonesia Tbk,488,High Risk,High Risk,0,0.85896873,0.035466235,0.10556504,0.85896873,0.75340366,0.44270955074879714,False,False,False,False
A054.JK,Company A054in Packaging & Containers,APLI.JK,Asiaplast Industries Tbk,PT Asiaplast Industries Tbk,53,High Risk,High Risk,0,0.8577408,0.03624562,0.10601358,0.8577408,0.7517272,0.44581708492988564,False,False,False,False
B103.JK,Company B103in Banks - Regional,BBKP.JK,Bank KB Bukopin Tbk.,PT Bank KB Bukopin Tbk,102,High Risk,High Risk,0,0.8577408,0.03624562,0.10601358,0.8577408,0.7517272,0.44581708492988564,False,False,False,False
F315.JK,Company F315in Credit Services,FUJI.JK,Fuji Finance Indonesia Tbk.,PT Fuji Finance Indonesia Tbk,314,High Risk,High Risk,0,0.8577408,0.03624562,0.10601358,0.8577408,0.7517272,0.44581708492988564,False,False,False,False
C205.JK,Company C205in Communication Equipment,CCSI.JK,Communication Cable Systems Ind,PT Communication Cable Systems Indonesia Tbk,204,High Risk,High Risk,0,0.85722524,0.047645267,0.09512955,0.85722524,0.7620957,0.45592431584626614,False,False,False,False
S786.JK,Company S786in Real Estate Services,SUPR.JK,Solusi Tunas Pratama Tbk.,PT Solusi Tunas Pratama Tbk,785,High Risk,High Risk,0,0.8571992,0.038575508,0.10422525,0.8571992,0.7529739,0.449043138035125,False,False,False,False
I372.JK,Company I372in Restaurants,IBOS.JK,Indo Boga Sukses Tbk.,PT Indo Boga Sukses Tbk,371,High Risk,High Risk,0,0.8571782,0.0386697,0.104152136,0.8571782,0.75302607,0.4491686015334536,False,False,False,False
V862.JK,Company V862in Broadcasting,VIVA.JK,Visi Media Asia Tbk.,PT Visi Media Asia Tbk,861,High Risk,High Risk,0,0.85529214,0.038039364,0.10666844,0.85529214,0.7486237,0.45218455414257297,False,False,False,False
R702.JK,Company R702in Capital Markets,RELI.JK,Reliance Sekuritas Indonesia Tb,PT Reliance Sekuritas Indonesia Tbk,701,High Risk,High Risk,0,0.8548581,0.038406633,0.10673525,0.8548581,0.7481229,0.4533500490057492,False,False,False,False
G318.JK,Company G318in Steel,GDST.JK,Gunawan Dianjaya Steel Tbk.,PT Gunawan Dianjaya Steel Tbk,317,High Risk,High Risk,0,0.8540954,0.08099487,0.06490973,0.8540954,0.77310055,0.46948668943402333,False,False,False,False
D246.JK,Company D246in Credit Services,DEFI.JK,Danasupra Erapacific Tbk.,PT Danasupra Erapacific Tbk,245,High Risk,High Risk,0,0.8517102,0.039205045,0.10908478,0.8517102,0.7426254,0.46001835934199636,False,False,False,False
R716.JK,Company R716in Software - Application,RUNS.JK,Global Sukses Solusi Tbk.,PT Global Sukses Solusi Tbk,715,High Risk,High Risk,0,0.8491844,0.03815665,0.11265894,0.8491844,0.7365255,0.4636975730395772,False,False,False,False
V866.JK,Company V866in Staffing & Employment Services,VTNY.JK,Venteny Fortuna International T,PT Venteny Fortuna International Tbk,865,High Risk,High Risk,0,0.849147,0.06036605,0.09048688,0.849147,0.75866014,0.47853243133643664,False,False,False,False
U849.JK,Company U849in Thermal Coal,UNIQ.JK,Ulima Nitra Tbk.,PT Ulima Nitra Tbk,848,High Risk,High Risk,0,0.8486139,0.08689298,0.06449314,0.8486139,0.76172096,0.48094805806058044,False,False,False,False
I384.JK,Company I384in Pharmaceutical Retailers,IKPM.JK,Ikapharmindo Putramas Tbk.,,383,High Risk,High Risk,0,0.8475658,0.041356385,0.11107777,0.8475658,0.73648804,0.46969643727598587,False,False,False,False
I409.JK,Company I409in Communication Equipment,IOTF.JK,Sumber Sinergi Makmur Tbk.,PT Sumber Sinergi Makmur Tbk,408,High Risk,High Risk,0,0.8475658,0.041356385,0.11107777,0.8475658,0.73648804,0.46969643727598587,False,False,False,False
T824.JK,Company T824in Software - Application,TOSK.JK,Topindo Solusi Komunika Tbk.,,823,High Risk,High Risk,0,0.8459533,0.041412715,0.11263403,0.8459533,0.7333193,0.472718629150968,False,False,False,False
N586.JK,Company N586in Medical Devices,NANO.JK,Nanotech Indonesia Global Tbk.,PT Nanotech Indonesia Global Tbk,585,High Risk,High Risk,0,0.84387696,0.04690336,0.10921967,0.84387696,0.7346573,0.48116241753383293,False,False,False,False
V865.JK,Company V865in Credit Services,VRNA.JK,Mizuho Leasing Indonesia Tbk.,PT Mizuho Leasing Indonesia Tbk,864,High Risk,High Risk,0,0.84290904,0.0410047,0.11608625,0.84290904,0.7268228,0.47787964136372757,False,False,False,False
M520.JK,Company M520in Household & Personal Products,MBTO.JK,Martina Berto Tbk.,PT Martina Berto Tbk,519,High Risk,High Risk,0,0.8402926,0.05308024,0.10662723,0.8402926,0.73366535,0.4921957725222001,False,False,False,False
L503.JK,Company L503in Computer Hardware,LUCK.JK,Sentral Mitra Informatika Tbk.,PT Sentral Mitra Informatika Tbk,502,High Risk,High Risk,0,0.82987374,0.05019579,0.11993049,0.82987374,0.70994323,0.509084922668017,False,False,False,False
F317.JK,Company F317in Lumber & Wood Production,FWCT.JK,Wijaya Cahaya Timber Tbk.,PT Wijaya Cahaya Timber Tbk,316,High Risk,High Risk,0,0.82933885,0.085118905,0.08554225,0.82933885,0.7437966,0.5235930604516073,False,False,False,False
K450.JK,Company K450in Communication Equipment,KETR.JK,Ketrosden Triasmitra Tbk.,PT Ketrosden Triasmitra,449,High Risk,High Risk,0,0.82877004,0.1034804,0.06774953,0.82877004,0.72528964,0.5213514278633077,False,False,False,False
L499.JK,Company L499in Capital Markets,LPPS.JK,Lenox Pasifik Investama Tbk.,PT Lenox Pasifik Investama Tbk,498,High Risk,High Risk,0,0.8249611,0.08173179,0.0933071,0.8249611,0.73165405,0.5322454573322336,False,False,False,False
S745.JK,Company S745in Electronics & Computer Distribution,SLIS.JK,Gaya Abadi Sempurna Tbk.,PT Gaya Abadi Sempurna Tbk,744,High Risk,High Risk,0,0.8249611,0.08173179,0.0933071,0.8249611,0.73165405,0.5322454573322336,False,False,False,False
H366.JK,Company H366in Luxury Goods,HRTA.JK,Hartadinata Abadi Tbk.,PT Hartadinata Abadi Tbk,365,High Risk,High Risk,0,0.82377034,0.101152726,0.075076915,0.82377034,0.7226176,0.5332588768718142,False,False,False,False
M541.JK,Company M541in Waste Management,MHKI.JK,Multi Hanna Kreasindo Tbk.,,540,High Risk,High Risk,0,0.82377034,0.101152726,0.075076915,0.82377034,0.7226176,0.5332588768718142,False,False,False,False
A034.JK,Company A034in Beverages - Non-Alcoholic,ALTO.JK,Tri Banyan Tirta Tbk.,PT Tri Banyan Tirta Tbk,33,High Risk,High Risk,0,0.82145596,0.08710474,0.09143926,0.82145596,0.7300167,0.5396655720777087,False,False,False,False
B129.JK,Company B129in Entertainment,BHIT.JK,MNC Asia Holding Tbk.,PT MNC Asia Holding Tbk,128,High Risk,High Risk,0,0.8205003,0.08128984,0.09820987,0.8205003,0.72229046,0.5409142933220464,False,False,False,False
P639.JK,Company P639in Lodging,PGLI.JK,Pembangunan Graha Lestari Indah,PT Pembangunan Graha Lestari Indah Tbk,638,High Risk,High Risk,0,0.82007957,0.084011145,0.09590925,0.82007957,0.7241703,0.5421297023121252,False,False,False,False
P677.JK,Company P677in Specialty Industrial Machinery,PTMP.JK,Mitra Pack Tbk.,PT Mitra Pack Tbk,676,High Risk,High Risk,0,0.8129759,0.097981036,0.08904305,0.8129759,0.71499485,0.5564297741428117,False,False,False,False
W871.JK,Company W871in Food Distribution,WICO.JK,Wicaksana Overseas Internationa,Pt Wicaksana Overseas International Tbk,870,High Risk,High Risk,0,0.8125352,0.0948194,0.09264538,0.8125352,0.71771586,0.5574796526968254,False,False,False,False
B185.JK,Company B185in Internet Retail,BUKA.JK,Bukalapak.com Tbk.,PT Bukalapak.com Tbk.,184,High Risk,High Risk,0,0.8087869,0.039370596,0.15184243,0.8087869,0.6569445,0.5326753156229396,False,False,False,False
I376.JK,Company I376in Education & Training Services,IDEA.JK,Idea Indonesia Akademi Tbk.,PT Idea Indonesia Akademi Tbk,375,High Risk,High Risk,0,0.8063867,0.102370225,0.09124302,0.8063867,0.7040165,0.56917491241151,False,False,False,False
C214.JK,Company C214in Real Estate - Development,CITY.JK,Natura City Developments Tbk.,PT Natura City Developments Tbk,213,High Risk,High Risk,0,0.79736924,0.10134229,0.101288445,0.79736924,0.6960269,0.5866316729873868,False,False,False,False
S774.JK,Company S774in Medical Care Facilities,SRAJ.JK,Sejahteraraya Anugrahjaya Tbk.,PT Sejahteraraya Anugrahjaya Tbk,773,High Risk,High Risk,0,0.7907657,0.060379036,0.14885521,0.7907657,0.6419105,0.5813356213595614,False,False,False,False
C226.JK,Company C226in Confectioners,COCO.JK,Wahana Interfood Nusantara Tbk.,PT Wahana Interfood Nusantara Tbk,225,High Risk,High Risk,0,0.78563434,0.09453613,0.11982955,0.78563434,0.6658048,0.6069247495700195,False,False,False,False
S047.JK,Company S047in Chemicals,SBMA.JK,Surya Biru Murni Acetylene Tbk.,PT Surya Biru Murni Acetylene Tbk,46,High Risk,High Risk,0,0.78487694,0.11493783,0.10018522,0.78487694,0.6699391,0.6091970359427755,False,False,False,False
E282.JK,Company E282in Marine Shipping,ELPI.JK,Pelayaran Nasional Ekalya Purna,PT Pelayaran Nasional Ekalya Purnamasari Tbk,281,High Risk,High Risk,0,0.7847919,0.1508112,0.06439691,0.7847919,0.6339807,0.5935653420135044,False,False,False,False
A076.JK,Company A076in Real Estate - Development,ASRI.JK,Alam Sutera Realty Tbk.,PT Alam Sutera Realty Tbk,75,High Risk,High Risk,0,0.77361095,0.107138634,0.11925039,0.77361095,0.65436053,0.6294058010545314,False,False,False,False
S749.JK,Company S749in Real Estate - Development,SMDM.JK,Suryamas Dutamakmur Tbk,PT Suryamas Dutamakmur Tbk,748,High Risk,High Risk,0,0.77078944,0.16286166,0.06634886,0.77078944,0.6079278,0.6155316269370901,False,False,False,False
B175.JK,Company B175in Banks - Regional,BSIM.JK,Bank Sinarmas Tbk.,PT Bank Sinarmas Tbk,174,Medium Risk,High Risk,0,0.7651271,0.04855477,0.18631808,0.7651271,0.578809,0.6051144943980272,False,False,False,False
D260.JK,Company D260in Advertising Agencies,DMMX.JK,Digital Mediatama Maxima Tbk.,PT Digital Mediatama Maxima Tbk,259,High Risk,High Risk,0,0.7456799,0.05536293,0.19895719,0.7456799,0.5467227,0.6374291171727274,False,False,False,False
F310.JK,Company F310in Real Estate - Development,FMII.JK,Fortune Mate Indonesia Tbk,PT Fortune Mate Indonesia Tbk,309,High Risk,High Risk,0,0.7249241,0.1408132,0.13426268,0.7249241,0.58411086,0.7089238338596402,False,False,False,False
S788.JK,Company S788in Medical Instruments & Supplies,SURI.JK,Maja Agung Latexindo Tbk.,,787,High Risk,High Risk,0,0.7078886,0.06677117,0.22534025,0.7078886,0.48254836,0.6927446036600416,False,False,False,False
S744.JK,Company S744in Rental & Leasing Services,SKRN.JK,Superkrane Mitra Utama Tbk.,PT Superkrane Mitra Utama Tbk,743,High Risk,High Risk,0,0.6941081,0.17526634,0.13062553,0.6941081,0.5188418,0.7505224299837422,False,False,False,False
R708.JK,Company R708in Thermal Coal,RMKO.JK,Royaltama Mulia Kontraktorindo ,PT Royaltama Mulia Kontraktorindo Tbk,707,High Risk,High Risk,0,0.68163383,0.17675161,0.14161454,0.68163383,0.5048822,0.7685727346338742,False,False,False,False
B120.JK,Company B120in Beverages - Wineries & Distilleries,BEER.JK,Jobubu Jarum Minahasa Tbk.,PT Jobubu Jarum Minahasa Tbk,119,High Risk,High Risk,0,0.6677753,0.2346487,0.097576015,0.6677753,0.43312657,0.7617643934698709,False,False,False,False
W868.JK,Company W868in Engineering & Construction,WEGE.JK,Wijaya Karya Bangunan Gedung Tb,PT Wijaya Karya Bangunan Gedung Tbk,867,High Risk,High Risk,0,0.6647052,0.20254011,0.13275462,0.6647052,0.46216512,0.7854982895396385,False,False,False,False
M527.JK,Company M527in Specialty Chemicals,MDKI.JK,Emdeki Utama Tbk.,PT Emdeki Utama Tbk,526,High Risk,High Risk,0,0.6595351,0.21279328,0.1276716,0.6595351,0.44674182,0.7887959856933289,False,False,False,False
E287.JK,Company E287in Restaurants,ENAK.JK,Champ Resto Indonesia Tbk.,PT Champ Resto Indonesia Tbk,286,High Risk,High Risk,0,0.6500012,0.06789938,0.28209934,0.6500012,0.3679019,0.7460636335802224,False,False,False,False
A017.JK,Company A017in Farm Products,AGAR.JK,Asia Sejahtera Mina Tbk.,PT Asia Sejahtera Mina Tbk,16,Medium Risk,High Risk,0,0.64725685,0.06724927,0.28549388,0.64725685,0.36176297,0.7472793680972158,False,False,False,False
K440.JK,Company K440in Medical Distribution,KAEF.JK,Kimia Farma Tbk.,PT Kimia Farma Tbk,439,High Risk,High Risk,0,0.63288236,0.21425259,0.15286507,0.63288236,0.41862977,0.8253263990298131,False,False,True,True
O609.JK,Company O609in Utilities - Renewable,OASA.JK,Maharaksa Biru Energi Tbk.,PT Maharaksa Biru Energi Tbk,608,High Risk,High Risk,0,0.625386,0.23740119,0.1372128,0.625386,0.3879848,0.8260116331850088,False,False,True,True
S731.JK,Company S731in Asset Management,SFAN.JK,Surya Fajar Capital Tbk.,PT Surya Fajar Capital Tbk,730,High Risk,High Risk,0,0.5895635,0.1335571,0.2768794,0.5895635,0.3126841,0.851939417895604,True,False,True,True
